model,prep,protocol,fold,repeat,region,n_train,n_test,fit_seconds,r2_log,rmse_log,r2,rmse,rpd
PLSR,raw,random,0,0,,3184,796,0.1287292500055628,0.6023965478138376,0.3546881896892237,-135.18651589097968,41.230983316716404,0.08574442945435147
PLSR,raw,random,1,0,,3184,796,0.03538083301100414,0.5366310984926699,0.37260860172351856,0.3297858023562864,2.5873633811019467,1.2222672008151898
PLSR,raw,random,2,0,,3184,796,0.03322654200019315,0.5390351134475497,0.373516158931786,-0.20985165886307855,3.426866149096304,0.9097182503052199
PLSR,raw,random,3,0,,3184,796,0.03265216699219309,0.5635712631291552,0.3507493324243897,-0.37421224525022967,2.242596376400378,0.853583600274965
PLSR,raw,random,4,0,,3184,796,0.036391749992617406,0.5523800528192184,0.364807447297692,0.4402543363504914,2.7888113584936054,1.3374501403262216
PLSR,raw,random,0,1,,3184,796,0.034334875002969056,0.6029880116189124,0.3542955281266806,-65.72832429387982,30.929048016153807,0.12249485843501637
PLSR,raw,random,1,1,,3184,796,0.07468166601029225,0.5610401252670996,0.35804975997576216,0.22004869638614544,1.8780141183607624,1.133024302889718
PLSR,raw,random,2,1,,3184,796,0.03514920901216101,0.5721484969900444,0.3640811738118381,-0.10049902362476448,3.825685554495911,0.9538457275331662
PLSR,raw,random,3,1,,3184,796,0.03287945799820591,0.5279827944329358,0.37219136259181024,0.3519398000299083,1.6776522170158537,1.2429833015814262
PLSR,raw,random,4,1,,3184,796,0.032330625006579794,0.5353876173460963,0.3645610079657908,0.3429455650952038,2.945623986832906,1.2344465607486497
PLSR,raw,random,0,2,,3184,796,0.033560083000338636,0.5411536459198195,0.36469558711726724,0.494369101073881,2.069677716161119,1.4072011025008995
PLSR,raw,random,1,2,,3184,796,0.031880416005151346,0.5999699658118776,0.362609708570857,0.057905416857029324,3.389881963993143,1.03092178297308
PLSR,raw,random,2,2,,3184,796,0.033498791002784856,0.525092626138852,0.3637862862850493,0.08602333047675537,1.4090824108015383,1.0466594877226039
PLSR,raw,random,3,2,,3184,796,0.03560783299326431,0.5993598054214124,0.33617764631558905,0.5290803992356374,1.8665778094929206,1.4581412160101932
PLSR,raw,random,4,2,,3184,796,0.03458566700282972,0.5355756945758801,0.38471758003174067,-60.33006405558916,34.485204055774076,0.1277721669892163
PLSR,raw,leave_region_out,0,0,002,3837,143,0.041823708001174964,0.499122240504284,0.4045266854907258,-0.18426094830074424,2.384846968948344,0.9221469673592027
PLSR,raw,leave_region_out,0,0,003,3734,246,0.04239779199997429,0.4680154613665308,0.4111451552136456,0.423534844964669,1.234484834966458,1.3197691756496956
PLSR,raw,leave_region_out,0,0,004,3365,615,0.03747116700105835,0.480449726041833,0.4128250445342323,0.49049161510304107,1.3380640320778479,1.4020958522546076
PLSR,raw,leave_region_out,0,0,006,3604,376,0.03828579200489912,0.45022673909707356,0.3439369501366713,0.7304595518154142,0.3320625500165334,1.9287072612017269
PLSR,raw,leave_region_out,0,0,007,3700,280,0.038203582997084595,-0.16357872355714198,0.5483302475391759,0.4206432685761107,1.697992305586926,1.316145445924054
PLSR,raw,leave_region_out,0,0,008,3571,409,0.03939066700695548,0.5550292399548217,0.3044779312458954,0.15860748876152875,0.6496380669423732,1.0915213913428983
PLSR,raw,leave_region_out,0,0,009,3295,685,0.03753524999774527,0.4763082146142006,0.3991649117601805,-12.129718316767402,21.067911427412344,0.27617828628243685
PLSR,raw,leave_region_out,0,0,010,3686,294,0.04272629199840594,0.6331365579090462,0.3404226541306103,0.21594752075649648,4.35308857907504,1.1312726531228636
PLSR,raw,leave_region_out,0,0,012,3901,79,0.04592445799789857,0.20158807022538683,0.4041134468192392,0.25579604112950716,0.8056282781396766,1.166595391095601
PLSR,raw,leave_region_out,0,0,013,3875,105,0.04348116699839011,0.1793501264136379,0.38634785857973886,0.8661377422967346,0.4103943629842692,2.7463058824739304
PLSR,raw,leave_region_out,0,0,014,3735,245,0.042724040991743095,0.6016861012547857,0.30421032469257675,0.5646522977662451,0.5235942388049633,1.5186930333133866
PLSR,raw,leave_region_out,0,0,015,3589,391,0.03935562500555534,0.45164985121276435,0.40388575447775105,0.26851889329638223,2.1707737575148527,1.170723991908185
PLSR,raw,leave_region_out,0,0,016,3868,112,0.04510625000693835,0.6356390194982582,0.3443028830113376,0.3009329463796383,1.1579266318593004,1.201401319461043
Ridge,raw,random,0,0,,3184,796,0.01136529199720826,0.5870754203579648,0.3614573182474384,-0.9022898745501768,4.872984005199089,0.7254953302867027
Ridge,raw,random,1,0,,3184,796,0.006474499998148531,0.5101210093581743,0.3831191336645693,0.17792681413183642,2.8655359206360536,1.1036153392937553
Ridge,raw,random,2,0,,3184,796,0.00606758298818022,0.5029793237270278,0.3878490217992458,0.44484031127465284,2.3213468748551684,1.3429628768344155
Ridge,raw,random,3,0,,3184,796,0.006267332995776087,0.5322809126329102,0.36310541893759646,-0.531926743553299,2.367790141383385,0.8084514989208569
Ridge,raw,random,4,0,,3184,796,0.0062019589968258515,0.5291260832477283,0.37416339438546053,0.24078642648748416,3.247923202074246,1.148394192442291
Ridge,raw,random,0,1,,3184,796,0.006434084003558382,0.5813444299994102,0.3638247980998972,0.18151499675777216,3.4254434844490316,1.1060317811309541
Ridge,raw,random,1,1,,3184,796,0.005887999999686144,0.5307638271045458,0.37019173411090806,-0.14149656705117986,2.2719690639987937,0.936560127948063
Ridge,raw,random,2,1,,3184,796,0.006688458001008257,0.5411533663915771,0.37703829825894536,0.3146399883436265,3.0190744370240665,1.208686270298869
Ridge,raw,random,3,1,,3184,796,0.006366500005242415,0.4930538050225246,0.38571658178939905,0.11884198681081326,1.9562355970951602,1.0659726746145737
Ridge,raw,random,4,1,,3184,796,0.007315625000046566,0.5145109361070577,0.3726615207960839,0.1674157545460555,3.3158183190470196,1.096626850426977
Ridge,raw,random,0,2,,3184,796,0.0060221250023460016,0.5056164702725905,0.37855489180394175,0.2878237851100194,2.4562900752190404,1.1857120595757613
Ridge,raw,random,1,2,,3184,796,0.0059152920002816245,0.5619286534523094,0.3794596064664279,-0.11776820274041477,3.6924378868344663,0.9464487326512925
Ridge,raw,random,2,2,,3184,796,0.006450333996326663,0.5020453892920627,0.3725089793500289,0.200547165276319,1.3178478190583962,1.119119713915251
Ridge,raw,random,3,2,,3184,796,0.006242415998713113,0.5708757417919508,0.34792297324623833,0.3219781400383924,2.239724305281232,1.2152094034492757
Ridge,raw,random,4,2,,3184,796,0.006540249989484437,0.5218490663055864,0.39036157915396,-0.09962813554003702,4.61762874227895,0.9542233681387166
Ridge,raw,leave_region_out,0,0,002,3837,143,0.0072037079953588545,0.42402847840889735,0.43379226854988623,-0.7961121463027174,2.9369972314303734,0.748784975517481
Ridge,raw,leave_region_out,0,0,003,3734,246,0.0081257919955533,0.4346355444311778,0.4238477893476022,0.3756365757156185,1.2847480156384967,1.268135862569153
Ridge,raw,leave_region_out,0,0,004,3365,615,0.0064830420014914125,0.5432378421161228,0.3870769455596301,0.5066576259992548,1.3166654472469412,1.424882860980527
Ridge,raw,leave_region_out,0,0,006,3604,376,0.007719750006799586,0.3754585787184357,0.3665790595850062,0.6789010372903048,0.3624327020739688,1.7670906839398282
Ridge,raw,leave_region_out,0,0,007,3700,280,0.007609834006871097,-0.18002926412260956,0.5521927581320706,0.28219385824398235,1.8900194533406682,1.1824242529685236
Ridge,raw,leave_region_out,0,0,008,3571,409,0.006815499989897944,0.5245213333456569,0.31474265320496214,-0.019615366930537226,0.7151387818142091,0.9915471859872796
Ridge,raw,leave_region_out,0,0,009,3295,685,0.006896207996760495,0.46739060617500205,0.4025491261317863,-0.09045857846152816,6.071533087385747,0.9583246257294484
Ridge,raw,leave_region_out,0,0,010,3686,294,0.006645290995948017,0.5881924752881982,0.36067278565178257,0.12124964874738953,4.6084798624879015,1.0685801420580656
Ridge,raw,leave_region_out,0,0,012,3901,79,0.008362458000192419,0.18571162131208452,0.4081115738849435,0.16411093281547207,0.8538135374667832,1.100758180764492
Ridge,raw,leave_region_out,0,0,013,3875,105,0.007055624999338761,0.09584033694199567,0.4055291898152623,0.638785913729641,0.6741470729009915,1.671843576132187
Ridge,raw,leave_region_out,0,0,014,3735,245,0.006782374999602325,0.6009738733064043,0.30448218355390977,0.4541463598227161,0.5862931720365451,1.356282079823638
Ridge,raw,leave_region_out,0,0,015,3589,391,0.007126166005036794,0.5317415752416077,0.3732263971325179,0.3071092950615554,2.11273668710186,1.202883887254992
Ridge,raw,leave_region_out,0,0,016,3868,112,0.007110500009730458,0.6320913746384995,0.3459749960688836,0.26531710083559623,1.187057047769481,1.1719188946890395
RandomForest,raw,random,0,0,,3184,796,16.497222499994677,0.6067657589981377,0.3527339957140229,0.5003368300388189,2.497441402697246,1.4155796154078193
RandomForest,raw,random,1,0,,3184,796,17.76044520799769,0.5395850403206481,0.37141902695173085,0.3108289847883784,2.6236996503830903,1.2053397182293515
RandomForest,raw,random,2,0,,3184,796,20.71014604100492,0.5429136373911765,0.371941471150932,0.501613326995566,2.19945099306089,1.417391288563151
RandomForest,raw,random,3,0,,3184,796,23.48220399999991,0.5846497937933257,0.34217430886252137,0.22566081201567745,1.6834097119649174,1.137122754684047
RandomForest,raw,random,4,0,,3184,796,22.33729716700327,0.563910566164402,0.36007814434971136,0.49835383625219254,2.6401130110424487,1.4127789708849938
RandomForest,raw,random,0,1,,3184,796,20.51781391700206,0.5792021610613636,0.3647544597330429,0.47608477332967936,2.7405766533343328,1.3824278017033789
RandomForest,raw,random,1,1,,3184,796,21.483940707999864,0.5574838941826954,0.35949720338625235,0.2575131309031097,1.8323544931994478,1.1612576306440399
RandomForest,raw,random,2,1,,3184,796,21.978784374994575,0.5958314919741481,0.35386118479850015,0.5961835187116028,2.317429122841275,1.5746388034371877
RandomForest,raw,random,3,1,,3184,796,22.693155665998347,0.5849896647312238,0.34899309292846414,0.3455705546669039,1.6858761847941213,1.2369198345763575
RandomForest,raw,random,4,1,,3184,796,23.534847000002628,0.5214307966638436,0.36999614575410233,0.3708457045388629,2.882406412200913,1.2615207156121018
RandomForest,raw,random,0,2,,3184,796,21.483682958001737,0.5455702437551009,0.36293616541755724,0.3742650217452451,2.3024019113947807,1.2649627980195364
RandomForest,raw,random,1,2,,3184,796,22.999048042009235,0.5939623069904776,0.3653224015287774,0.24647848907130587,3.0316925065964804,1.1527234872218008
RandomForest,raw,random,2,2,,3184,796,22.284820999993826,0.527050582910628,0.36303559938562313,0.308876712266688,1.2253117616428393,1.2036361034118281
RandomForest,raw,random,3,2,,3184,796,22.007435624997015,0.5687989710882995,0.3487638533880787,0.5509796829177755,1.822660202856276,1.4932756158533789
RandomForest,raw,random,4,2,,3184,796,21.875811041987618,0.592232502721211,0.36048804361777753,0.44707852638830126,3.274370503488432,1.3456782751302145
RandomForest,raw,leave_region_out,0,0,002,3837,143,26.853786959007266,0.5598092583699791,0.3792291861311655,0.15482484493647775,2.0146990108318845,1.0915672208145095
RandomForest,raw,leave_region_out,0,0,003,3734,246,26.02217295799346,0.3935131108439942,0.43899177196005046,0.134004334457815,1.5130632666008736,1.0767791862767517
RandomForest,raw,leave_region_out,0,0,004,3365,615,22.56908845801081,0.5106785300058772,0.40063545761792363,0.1329821975453246,1.745481444950779,1.0748289733210719
RandomForest,raw,leave_region_out,0,0,006,3604,376,24.531187292013783,0.16999333660158988,0.42259837097286906,0.41171349062093676,0.49057156343559866,1.305520945618624
RandomForest,raw,leave_region_out,0,0,007,3700,280,25.948835207993397,0.4183721409278732,0.38767421665113494,0.23984243836678354,1.9449771309561417,1.1490134277896098
RandomForest,raw,leave_region_out,0,0,008,3571,409,25.270836916999542,0.25301851025363153,0.3944981795514613,-2.982450864498546,1.413342300550984,0.5017141611213459
RandomForest,raw,leave_region_out,0,0,009,3295,685,28.782036832999438,0.4503518614523876,0.40893742497460656,0.26944879160751267,4.969573419085112,1.1708247736571487
RandomForest,raw,leave_region_out,0,0,010,3686,294,42.978301167007885,0.593171677593406,0.3584856906972096,0.5278812699316784,3.3779292834690797,1.4578546952503524
RandomForest,raw,leave_region_out,0,0,012,3901,79,49.59367979200033,0.31519327231640903,0.3742603351493473,0.14582654189606015,0.8631012589246831,1.0889130637869284
RandomForest,raw,leave_region_out,0,0,013,3875,105,37.43184620801185,-0.017092796331433346,0.4301103022380167,0.2282628763189707,0.9853874123121693,1.143782068976528
RandomForest,raw,leave_region_out,0,0,014,3735,245,34.186756125011016,0.3807622850572989,0.37930618015191836,0.2899497963568243,0.6686845041751279,1.1891690592367408
RandomForest,raw,leave_region_out,0,0,015,3589,391,29.68572641699575,0.36498403357037235,0.4346321768933988,0.04611163032586696,2.478915842061376,1.0251969331939896
RandomForest,raw,leave_region_out,0,0,016,3868,112,34.589242083005956,0.6694242545254374,0.32795195276037337,0.4585435191412309,1.019068560845908,1.3651040143953537
HistGBM,raw,random,0,0,,3184,796,1.8006662499974482,0.624364728902574,0.3447504460198166,0.45299839088369553,2.6130693727816925,1.3529404068481612
HistGBM,raw,random,1,0,,3184,796,1.6377887920098146,0.5628406099243256,0.36191729765460784,0.301296937984574,2.6417817689466374,1.1970895682924525
HistGBM,raw,random,2,0,,3184,796,1.6146517079905607,0.5944518734274744,0.3503456037752264,0.4550363562771058,2.2999311982205657,1.355467798166329
HistGBM,raw,random,3,0,,3184,796,1.5282972080021864,0.5926592664123795,0.33885906182849046,0.26495313548811306,1.640143033795005,1.1671198483843201
HistGBM,raw,random,4,0,,3184,796,1.599748709006235,0.6047985957582849,0.3427821664546798,0.3694938983623668,2.9598412372296603,1.2601676386709597
HistGBM,raw,random,0,1,,3184,796,1.5406926669966197,0.6059117043154456,0.35298855831476234,0.4024518658354722,2.9268326472656345,1.2944537029843828
HistGBM,raw,random,1,1,,3184,796,2.225170874997275,0.5886516313770712,0.346605831235502,0.3653523919005397,1.694070315241115,1.2560491841036119
HistGBM,raw,random,2,1,,3184,796,1.9053029159986181,0.620173466569754,0.34303966662516777,0.5275466438952316,2.5066512191103714,1.4557724637639748
HistGBM,raw,random,3,1,,3184,796,1.7539241670019692,0.6177800169828777,0.33492230387484245,0.4448720921139876,1.5527115745718056,1.3430013183142728
HistGBM,raw,random,4,1,,3184,796,1.7543490410025697,0.5449134508432445,0.36080440067026726,0.29043053087939985,3.061075860715137,1.1878880384738664
HistGBM,raw,random,0,2,,3184,796,1.5552612920000684,0.576270356769163,0.35046228594651907,0.4614534077348047,2.135981869263213,1.363519422104502
HistGBM,raw,random,1,2,,3184,796,1.5507619999989402,0.622969788502183,0.35203123884494253,0.2684694896354345,2.987126021170003,1.1699215679622668
HistGBM,raw,random,2,2,,3184,796,1.6384688750113128,0.5540191839526531,0.3525331453465613,0.2486448859120325,1.277589877506673,1.1543841260911734
HistGBM,raw,random,3,2,,3184,796,1.7345625829912024,0.5952630848250121,0.3378920562881912,0.49236577804149706,1.937974958401516,1.4044216748582734
HistGBM,raw,random,4,2,,3184,796,1.6131191669992404,0.6236270285305963,0.34633292120436093,0.4129376117161311,3.3739467154235303,1.3059629042536465
HistGBM,raw,leave_region_out,0,0,002,3837,143,1.7587630409980193,0.6086042790152104,0.35759327166954885,0.22704530197998618,1.9266988262607063,1.1414235427233947
HistGBM,raw,leave_region_out,0,0,003,3734,246,1.9922677909926279,0.4147708915249054,0.4312296674261773,0.038742066140556974,1.5941133444990092,1.0220321149797296
HistGBM,raw,leave_region_out,0,0,004,3365,615,2.1108260829932988,0.5420071072058081,0.3875980796208169,0.3302912865533415,1.5340665621012461,1.222954776393599
HistGBM,raw,leave_region_out,0,0,006,3604,376,1.9857764170010341,0.2843699897724039,0.39240208058498394,0.5368258834555241,0.4352913795090659,1.4713166433766023
HistGBM,raw,leave_region_out,0,0,007,3700,280,1.5802354170009494,0.4576739174238852,0.3743471781538018,0.30006869297409955,1.866338430814948,1.1974274350855412
HistGBM,raw,leave_region_out,0,0,008,3571,409,1.4779093749966705,0.3456554465644547,0.36922689602209413,-0.8837985583649726,0.9720517228895226,0.7294816006193545
HistGBM,raw,leave_region_out,0,0,009,3295,685,1.470822125003906,0.4975060376002014,0.391002830399006,0.2954798320652632,4.880232293061371,1.1922587541264276
HistGBM,raw,leave_region_out,0,0,010,3686,294,1.7641283749981085,0.6228868069586486,0.3451454068488847,0.5170757794279822,3.416366322469425,1.4414525847946826
HistGBM,raw,leave_region_out,0,0,012,3901,79,1.663053750002291,0.3395260190338092,0.3675510347692386,0.16021023204442775,0.8558033916583837,1.0981987748293411
HistGBM,raw,leave_region_out,0,0,013,3875,105,1.5765070829947945,0.1031450121105637,0.4038877395202369,0.26884111523064846,0.9591315895788386,1.175092620703634
HistGBM,raw,leave_region_out,0,0,014,3735,245,1.5549200420064153,0.38182261791881167,0.37898129431644545,0.35112437227044635,0.6392304609154317,1.243962813689073
HistGBM,raw,leave_region_out,0,0,015,3589,391,1.6393582500022603,0.416576936966644,0.416601998562834,0.3575812623916885,2.0343332897377464,1.2492431460210423
HistGBM,raw,leave_region_out,0,0,016,3868,112,1.9146065420063678,0.6467571982274896,0.3390091253685903,0.3684640795469323,1.1005775609240203,1.2640041308736836
MLP,raw,random,0,0,,3184,796,0.5890990830084775,0.6182850060879573,0.34752917086170343,0.38110078709936146,2.7794995171735137,1.2719293953786412
MLP,raw,random,1,0,,3184,796,0.8189286249980796,0.6137612188834114,0.34018673399258514,0.3979349345749408,2.45229283704207,1.2895888082948999
MLP,raw,random,2,0,,3184,796,0.788554209007998,0.6471511505637877,0.32679080282576706,0.5619440347710141,2.062034269887732,1.5118481407953561
MLP,raw,random,3,0,,3184,796,0.8244328750006389,0.6261148669537522,0.3246454210399715,0.38026986496180015,1.5060018881961985,1.2710764202455247
MLP,raw,random,4,0,,3184,796,1.137571332990774,0.6561807578683914,0.3197231396835304,0.47489880868935086,2.7011286632917124,1.3808657815711822
MLP,raw,random,0,1,,3184,796,0.7155522500106599,0.641435043240179,0.3367036168823283,0.4127194852185826,2.901577930032431,1.3057203527276067
MLP,raw,random,1,1,,3184,796,1.054821500001708,0.5928801050416588,0.3448197544142068,0.6320505186205152,1.289909395975708,1.6496008509676934
MLP,raw,random,2,1,,3184,796,1.1811847079952713,0.6825064793121742,0.31363110275953004,0.4719971301990956,2.6499188946432612,1.3770662296185217
MLP,raw,random,3,1,,3184,796,1.0487983749917476,0.611057878679166,0.3378546221460303,0.43417376276223507,1.5676019705508915,1.3302443673753135
MLP,raw,random,4,1,,3184,796,0.6293238340003882,0.5642856332489583,0.35304150536723733,0.2630088547939997,3.119663611183836,1.1655793229657705
MLP,raw,random,0,2,,3184,796,0.5270374999963678,0.5563214094748967,0.3586171889516639,0.4391092258532562,2.1798422664508808,1.3360841785793025
MLP,raw,random,1,2,,3184,796,1.2974074999947334,0.6745088102907537,0.3270865959079646,0.3443263514588917,2.828011608466709,1.2357456906914377
MLP,raw,random,2,2,,3184,796,0.6795647499966435,0.5381780679573397,0.35873945483823755,0.45179065432820353,1.0912947257924819,1.3514492825734779
MLP,raw,random,3,2,,3184,796,0.9352695840061642,0.6352673134553783,0.32075904809135236,0.45366109058447635,2.010498625844468,1.3537607048940121
MLP,raw,random,4,2,,3184,796,1.2433239160018275,0.6524318045499136,0.3328162912128736,0.559323329772238,2.9231837825839886,1.5073459552983017
MLP,raw,leave_region_out,0,0,002,3837,143,1.1018809159868397,0.5469634856232424,0.3847227829652126,0.14681343808656044,2.0242251454385634,1.0864302347924015
MLP,raw,leave_region_out,0,0,003,3734,246,1.4394150000007357,0.5110361408434008,0.39417043988169725,0.19192182701312877,1.4615911906377,1.1146995435056561
MLP,raw,leave_region_out,0,0,004,3365,615,1.2521428750042105,0.5853421212322004,0.36880534638734136,0.563176758366682,1.2389509063380624,1.5142601856376643
MLP,raw,leave_region_out,0,0,006,3604,376,1.3982746249967022,0.3057176916859229,0.3865049661520974,0.6066625607026412,0.4011350108658135,1.596598237605073
MLP,raw,leave_region_out,0,0,007,3700,280,1.443427291000262,0.0720381851790346,0.4896766220636519,0.45681250761993564,1.6441353605691078,1.3592584247070463
MLP,raw,leave_region_out,0,0,008,3571,409,1.2678448330116225,0.4239733928725058,0.34642669898088324,0.3703455986010128,0.5619831134325209,1.2617707360763843
MLP,raw,leave_region_out,0,0,009,3295,685,2.394245499992394,0.5068533172293657,0.3873490857649346,0.4125353060279985,4.456405124298449,1.305648726110575
MLP,raw,leave_region_out,0,0,010,3686,294,2.518041709001409,0.6512382289139955,0.331917898669009,0.43177578890371127,3.7058241353894834,1.3288623221758706
MLP,raw,leave_region_out,0,0,012,3901,79,1.895160667001619,0.24256080427481264,0.3936077859077616,0.21962604281784393,0.8249736888495156,1.1392390435199315
MLP,raw,leave_region_out,0,0,013,3875,105,0.7977364580001449,0.20788341885154715,0.3795719474826906,0.63246740420403,0.6800177439566453,1.6574103590886542
MLP,raw,leave_region_out,0,0,014,3735,245,1.0188439589983318,0.5136832933825065,0.3361404783906138,0.423108840448849,0.6027311997784129,1.319292784326515
MLP,raw,leave_region_out,0,0,015,3589,391,1.9712715420027962,0.44427664891350793,0.40659204323082965,0.37085849886080413,2.0132011658591913,1.262356172858023
MLP,raw,leave_region_out,0,0,016,3868,112,0.7383179580065189,0.7290594877373124,0.2969010284794439,0.6912648914532016,0.7695106500372805,1.807817193027086
PLSR,snv,random,0,0,,3184,796,0.0656322499999078,0.5834914910247868,0.3630225419994228,0.6969703887713075,1.9449084897578937,1.8177344378674687
PLSR,snv,random,1,0,,3184,796,0.05368404199543875,0.5083555607134791,0.3838088640612122,0.3629965347463646,2.522443881309737,1.2537243824307212
PLSR,snv,random,2,0,,3184,796,0.04663133400026709,0.5431227047984399,0.3718563999923835,0.5875587375102258,2.0008389501300963,1.5580877596287175
PLSR,snv,random,3,0,,3184,796,0.047429208003450185,0.5216477757852831,0.36720964723324206,0.4390453111969579,1.4328083383561234,1.3360080603157694
PLSR,snv,random,4,0,,3184,796,0.0469862909958465,0.5483399920289789,0.3664500613013055,0.3679964060143375,2.963354058866711,1.258673809698958
PLSR,snv,random,0,1,,3184,796,0.0513742920011282,0.5777927192332392,0.3653648127055122,0.5851750101401099,2.4386186957245983,1.553604655336592
PLSR,snv,random,1,1,,3184,796,0.04663283300760668,0.5103387368875523,0.3781628388773061,0.6083196982496899,1.3308557154625864,1.5988477282326174
PLSR,snv,random,2,1,,3184,796,0.04928083399136085,0.557218149897499,0.37037920655587403,0.5308166145132809,2.497961569806546,1.4608366538336621
PLSR,snv,random,3,1,,3184,796,0.053548583993688226,0.5198589426104228,0.3753805772588259,-0.8838214805637703,2.8603167689848368,0.7290429207782685
PLSR,snv,random,4,1,,3184,796,0.047089207990211435,0.5431591900101447,0.36149914350076556,0.36893485003170234,2.886780286442491,1.2596093360072367
PLSR,snv,random,0,2,,3184,796,0.04608195900800638,0.5462396839430848,0.36266873838658625,0.30786639617478784,2.4214800117915067,1.202757301245994
PLSR,snv,random,1,2,,3184,796,0.04500812500191387,0.5653318961287808,0.37798277964736954,0.3245443691429447,2.870355815712852,1.2175156610401587
PLSR,snv,random,2,2,,3184,796,0.04470358300022781,0.5197933963205935,0.36581030113410873,0.31116228764929044,1.223284003597254,1.2056312924157495
PLSR,snv,random,3,2,,3184,796,0.046840957991662435,0.5477051063689252,0.35719256916136366,0.5786284992614601,1.7656527468031298,1.5414888583497461
PLSR,snv,random,4,2,,3184,796,0.04922883299877867,0.5307488668516519,0.3867116245343544,0.579201055235403,2.85649463050374,1.5425372077435089
PLSR,snv,leave_region_out,0,0,002,3837,143,0.06007216600119136,0.3809566870344677,0.4497196047866526,0.11284331315867724,2.064129674354196,1.0654269580807993
PLSR,snv,leave_region_out,0,0,003,3734,246,0.053372166003100574,0.5880457473041342,0.3618013367827706,0.5937597933296004,1.0363123669723764,1.5721466663141355
PLSR,snv,leave_region_out,0,0,004,3365,615,0.053690624990849756,0.3957439598002007,0.44520778255988147,0.35947658587299036,1.5002676126740204,1.2505062520702874
PLSR,snv,leave_region_out,0,0,006,3604,376,0.055901333995279856,0.26754562051013764,0.3969879450539027,0.6324911509550706,0.3877410891882542,1.6517502767912757
PLSR,snv,leave_region_out,0,0,007,3700,280,0.05711945900111459,-0.29764026836767465,0.5790572118212045,0.4625586124783738,1.6354160029887927,1.366505424997747
PLSR,snv,leave_region_out,0,0,008,3571,409,0.05236950000107754,0.5326208677212966,0.3120503991119389,0.4413805990397378,0.5293344403584738,1.33959514559083
PLSR,snv,leave_region_out,0,0,009,3295,685,0.05146562500158325,0.4844415947392181,0.39605309641418407,0.47836783255851645,4.199290911174672,1.3855909953962426
PLSR,snv,leave_region_out,0,0,010,3686,294,0.05506941699422896,0.679128621359152,0.31836969785789004,0.25075718677923997,4.255359258188977,1.1572536576441421
PLSR,snv,leave_region_out,0,0,012,3901,79,0.05947854201076552,0.301848339886879,0.37788937446325366,0.1922749766572054,0.8393062992826757,1.1197845613899007
PLSR,snv,leave_region_out,0,0,013,3875,105,0.0608137910021469,0.38396711119843396,0.3347352934296996,0.8066702741692352,0.4931983688980574,2.285223399493443
PLSR,snv,leave_region_out,0,0,014,3735,245,0.0568544169946108,0.510445675504603,0.33725753760509986,0.6246111620103967,0.4862027472499623,1.6354883374349032
PLSR,snv,leave_region_out,0,0,015,3589,391,0.056000292010139674,0.3964673063797194,0.4237209653357099,0.4159018117803521,1.939795447142828,1.3101262417491364
PLSR,snv,leave_region_out,0,0,016,3868,112,0.06058350000239443,0.501343682964237,0.4027869495245881,0.17003531306043285,1.261686431489781,1.1025993056866064
Ridge,snv,random,0,0,,3184,796,0.019390417000977322,0.609235593279594,0.35162452114241916,0.6366143109161234,2.1298084593711617,1.6599272694116156
Ridge,snv,random,1,0,,3184,796,0.007352583008469082,0.5430173191209374,0.3700320190178117,0.3646429593724495,2.519181967571678,1.255347743045172
Ridge,snv,random,2,0,,3184,796,0.008518834001733921,0.5686885460734243,0.3613025012885376,0.5117659347565287,2.1769332780597517,1.4320524696855268
Ridge,snv,random,3,0,,3184,796,0.007771916993078776,0.5534888343858414,0.3547777256235993,0.4349600762571407,1.4380161924361217,1.3311696342504558
Ridge,snv,random,4,0,,3184,796,0.007928749997518025,0.575330992204158,0.3553319534827298,0.4815297368020778,2.684019680565322,1.3896679557785594
Ridge,snv,random,0,1,,3184,796,0.008858957997290418,0.6082805849296331,0.351926044986519,0.5842636322337358,2.4412960703705155,1.5519008137728993
Ridge,snv,random,1,1,,3184,796,0.009829957998590544,0.5408615856347587,0.3661868886760761,0.6043830776269281,1.337526941737594,1.5908731038407793
Ridge,snv,random,2,1,,3184,796,0.008655458994326182,0.5857600096637061,0.35824299179721814,0.4574359297493611,2.686209962931496,1.3584618743126657
Ridge,snv,random,3,1,,3184,796,0.010045874994830228,0.5440190606630142,0.36581433502928007,0.34240802188956265,1.6899447768759766,1.2339419134550826
Ridge,snv,random,4,1,,3184,796,0.010556999986874871,0.5703560864951854,0.35057355943097923,0.3869581091875782,2.84525836121866,1.2779912887233091
Ridge,snv,random,0,2,,3184,796,0.01023870799690485,0.5769741132448998,0.3501711302519558,0.5256196920190377,2.004699339314124,1.4528127519610596
Ridge,snv,random,1,2,,3184,796,0.009368166007334366,0.5984039653029845,0.36331877074881763,0.38942851634545617,2.729012855159118,1.2805740917568285
Ridge,snv,random,2,2,,3184,796,0.008646750007756054,0.5378654979036737,0.358860835219013,0.27222701550543527,1.2573807404470716,1.172937859477697
Ridge,snv,random,3,2,,3184,796,0.008881292000296526,0.5811185134074959,0.34374560666574544,0.5705235331422156,1.7825527919210868,1.5268742946896914
Ridge,snv,random,4,2,,3184,796,0.008644916000775993,0.5570285300947069,0.3757270304387924,0.5269519252881825,3.028647508886847,1.454857073443665
Ridge,snv,leave_region_out,0,0,002,3837,143,0.01012604199058842,0.430448049293643,0.4313680486521789,0.12584548943505514,2.048947891532933,1.0733212929032432
Ridge,snv,leave_region_out,0,0,003,3734,246,0.012129124996135943,0.5995707672958734,0.3567044763082888,0.6371055154465814,0.9794661070333127,1.6633909241949099
Ridge,snv,leave_region_out,0,0,004,3365,615,0.01142025001172442,0.4747908798100796,0.41506716319220577,0.5196571848972144,1.2992025924721295,1.4440350106272382
Ridge,snv,leave_region_out,0,0,006,3604,376,0.010900416993536055,0.3161620069033644,0.38358678965831877,0.6576951946788282,0.3742091681329133,1.7114798511899931
Ridge,snv,leave_region_out,0,0,007,3700,280,0.010757750002085231,-0.18518487457813881,0.5533977231545407,0.4737482179442376,1.6183016577740221,1.380956899770032
Ridge,snv,leave_region_out,0,0,008,3571,409,0.010337792002246715,0.542963958433508,0.30857824748106794,0.45488022075978807,0.5228993649983631,1.3560809099480737
Ridge,snv,leave_region_out,0,0,009,3295,685,0.008273957995697856,0.5266563668162119,0.37949210670843214,0.5009837525274543,4.107249850054681,1.4166412772516006
Ridge,snv,leave_region_out,0,0,010,3686,294,0.010187292005866766,0.6942391273368351,0.31078295357445107,0.24248262057574688,4.2787926278573725,1.150915806030787
Ridge,snv,leave_region_out,0,0,012,3901,79,0.009971082996344194,0.41391989220942427,0.34623286034938056,0.2843991505318466,0.7899946271296788,1.1896818078735556
Ridge,snv,leave_region_out,0,0,013,3875,105,0.010006334006902762,0.4033047297288894,0.329439639207674,0.8829081476409802,0.3838271155741656,2.9363961207166467
Ridge,snv,leave_region_out,0,0,014,3735,245,0.01041741699737031,0.5418579853330326,0.32625808280874646,0.6166273683267022,0.4913458406902582,1.6183690934251744
Ridge,snv,leave_region_out,0,0,015,3589,391,0.010363541994593106,0.45536787254261146,0.40251417651046545,0.4630873636118301,1.8597938993532521,1.3664830924604543
Ridge,snv,leave_region_out,0,0,016,3868,112,0.012191582995001227,0.5543457280449468,0.3807796805597652,0.20453771502101836,1.2351833305179793,1.1262575756843047
RandomForest,snv,random,0,0,,3184,796,33.61292116699042,0.6225146346298756,0.3455983927482942,0.3348375589929058,2.8815124274439166,1.2268998414384042
RandomForest,snv,random,1,0,,3184,796,25.17229104199214,0.5797803996237976,0.3548359286198234,0.25136285146189097,2.7345527307250626,1.1564777529350048
RandomForest,snv,random,2,0,,3184,796,23.487915375008015,0.6345675209993447,0.3325669170728697,0.406893544535603,2.399370996867356,1.2992916398740733
RandomForest,snv,random,3,0,,3184,796,23.358593375000055,0.6006923793048704,0.3355011266056268,0.4277357051597024,1.447179940128638,1.3227404801929954
RandomForest,snv,random,4,0,,3184,796,27.47559783300676,0.6412724849457484,0.3265813081562099,0.33024692875943795,3.0505709244660224,1.2226878951891673
RandomForest,snv,random,0,1,,3184,796,28.348873875002027,0.6213469366652864,0.34600677094901355,0.2805896366769369,3.2114398211036472,1.1797354362276584
RandomForest,snv,random,1,1,,3184,796,28.593340957988403,0.5850701172666166,0.3481114690133572,0.3603136476246035,1.7007820015294366,1.251092518241188
RandomForest,snv,random,2,1,,3184,796,28.768565416990896,0.6531781240413538,0.3277969687610851,0.466244552020333,2.6643151893862584,1.3696254240407166
RandomForest,snv,random,3,1,,3184,796,29.484505250002258,0.6039092693573107,0.3409453055976119,0.26762383705564163,1.7834517330798605,1.1692459363678158
RandomForest,snv,random,4,1,,3184,796,28.553374959010398,0.5855184262765657,0.34433204378283233,0.3212094003080981,2.9939499909441376,1.2145210877947668
RandomForest,snv,random,0,2,,3184,796,29.101942041990696,0.6069936314183947,0.3375177830248332,0.3196279207546129,2.400817578973706,1.2131087299221113
RandomForest,snv,random,1,2,,3184,796,29.123300416991697,0.6354956552942266,0.34613417657878304,0.21169720833019712,3.100872112348151,1.127006542601886
RandomForest,snv,random,2,2,,3184,796,29.210821250002482,0.541299043147665,0.35752522608303156,0.42910741271954467,1.1136431261680806,1.3243286287979799
RandomForest,snv,random,3,2,,3184,796,30.96446787500463,0.6353760340511223,0.320711238126352,0.5031038248355995,1.9173682952820672,1.4195155117610052
RandomForest,snv,random,4,2,,3184,796,32.2566172079969,0.6254931326713518,0.3454732734078348,0.24969779154678395,3.814294339175079,1.1551938207853432
RandomForest,snv,leave_region_out,0,0,002,3837,143,40.41779370800941,0.28698036115219316,0.4826497082042447,-0.06508565410718736,2.261669179398473,0.9723700619276284
RandomForest,snv,leave_region_out,0,0,003,3734,246,39.53724412500742,0.4802565954685204,0.4063873355395067,0.20842663168913622,1.4465878591460106,1.126260684890268
RandomForest,snv,leave_region_out,0,0,004,3365,615,33.89644329198927,0.5231717319749498,0.3954879396878019,0.5301797660325509,1.2848933677560053,1.460116517453834
RandomForest,snv,leave_region_out,0,0,006,3604,376,38.20204708399251,0.22588998133471438,0.40812046540114355,0.5407680402939643,0.43343500010934366,1.477618215484401
RandomForest,snv,leave_region_out,0,0,007,3700,280,42.24043570899812,0.32483413330123145,0.4176856519460986,0.29054889024136854,1.8789876492667943,1.1893664341457313
RandomForest,snv,leave_region_out,0,0,008,3571,409,38.94178570799704,0.34810765429204515,0.36853439318065995,-2.1155514162279623,1.250085177463466,0.5672364247507234
RandomForest,snv,leave_region_out,0,0,009,3295,685,25.512765249994118,0.391184899321358,0.4303850579499616,0.11696805096730356,5.463638893685207,1.064949530302569
RandomForest,snv,leave_region_out,0,0,010,3686,294,31.551771541999187,0.6326305106891559,0.3406573607708695,0.19351601680444896,4.414919727993832,1.1154291288477844
RandomForest,snv,leave_region_out,0,0,012,3901,79,36.808268749999115,0.26828155711357393,0.38686709627035043,0.16422355847065406,0.8537560151518081,1.1008323449960309
RandomForest,snv,leave_region_out,0,0,013,3875,105,37.250396249990445,0.37408572809025287,0.33740924891338103,0.43206249525711504,0.8453228111259891,1.3332994666221762
RandomForest,snv,leave_region_out,0,0,014,3735,245,35.55273245800345,0.3485030633766709,0.38906073969731053,0.32852125578268043,0.6502687233064312,1.2228466390215804
RandomForest,snv,leave_region_out,0,0,015,3589,391,34.96347579199937,0.42596975901423884,0.4132348484000415,0.31788852590749506,2.096238454425183,1.2123510631924739
RandomForest,snv,leave_region_out,0,0,016,3868,112,37.20450854199589,0.5904998807274382,0.36500746326816413,0.27772397060500575,1.1769912283898618,1.18194133465033
HistGBM,snv,random,0,0,,3184,796,1.7752750829968136,0.634119449341116,0.34024465890913785,0.39967924239213337,2.7374633786933575,1.2914609809396647
HistGBM,snv,random,1,0,,3184,796,1.8857617500034394,0.6050748545078821,0.3439908005166941,0.32986492002124324,2.587210659635072,1.222339350502393
HistGBM,snv,random,2,0,,3184,796,1.8484446669899626,0.6441220978943414,0.32819048321652683,0.4271928152502713,2.357953887655211,1.3221135042153662
HistGBM,snv,random,3,0,,3184,796,1.7704554999945685,0.6332215638494614,0.3215452369376307,0.5119897704248721,1.3364067849061156,1.4323808518121997
HistGBM,snv,random,4,0,,3184,796,1.7692034580104519,0.6508019125746345,0.3222143721677784,0.3286494131556633,3.0542069153372093,1.2212323022485274
HistGBM,snv,random,0,1,,3184,796,1.8441192910104292,0.6363146884605144,0.3390991809398532,0.34692239833398353,3.059805620081308,1.2381993592677658
HistGBM,snv,random,1,1,,3184,796,1.6292928750044666,0.6108461482502044,0.33712552980707955,0.4675724949691509,1.5516556607183307,1.371332371698809
HistGBM,snv,random,2,1,,3184,796,1.7200474999990547,0.6659629797258271,0.32169846761770987,0.45386322163869874,2.695039608731575,1.3540112023654964
HistGBM,snv,random,3,1,,3184,796,1.830852875005803,0.6295033596188471,0.3297459822617153,0.4162019702403985,1.5923024830831618,1.3096090182400701
HistGBM,snv,random,4,1,,3184,796,1.9428063749946887,0.595912098506525,0.3399873434681673,0.2876906949124457,3.066979979859911,1.1856012832436866
HistGBM,snv,random,0,2,,3184,796,2.0950861659948714,0.6317392298556271,0.3267191527748125,0.34624240914962345,2.3533921103248505,1.2375552510887995
HistGBM,snv,random,1,2,,3184,796,1.9349106669978937,0.6393067189425022,0.3443199244358643,0.23267767610135603,3.0593293956472274,1.1423101949598216
HistGBM,snv,random,2,2,,3184,796,1.443278584003565,0.5707775361116236,0.34584626395632545,0.48211407496915504,1.0606836948788332,1.3904517259661906
HistGBM,snv,random,3,2,,3184,796,1.3118580840091454,0.6568429211462437,0.31112725281732095,0.45596026521756017,2.006263744473872,1.3566182633806227
HistGBM,snv,random,4,2,,3184,796,1.4653854170028353,0.6351841504114059,0.34097411529690846,0.2911282243011788,3.7074895317474352,1.1884724726909173
HistGBM,snv,leave_region_out,0,0,002,3837,143,1.550742542007356,0.45713145792649423,0.4211420822270233,0.15249515846121386,2.0174738126137193,1.0900658964105092
HistGBM,snv,leave_region_out,0,0,003,3734,246,1.5496601670020027,0.5234521445692724,0.38913377898184665,0.2840334016751258,1.375769285882334,1.1842356488943138
HistGBM,snv,leave_region_out,0,0,004,3365,615,1.5240773750119843,0.5386138491129537,0.3890312822046368,0.48933234682465976,1.3395853945325205,1.4005034968913896
HistGBM,snv,leave_region_out,0,0,006,3604,376,1.3201335839985404,0.22325724202337582,0.4088138828406837,0.5191718145355715,0.4435094565347288,1.4440536542198832
HistGBM,snv,leave_region_out,0,0,007,3700,280,1.5092463750042953,0.3684090714017014,0.4039822276628202,0.3371793469244666,1.8161875966748278,1.2304922929238784
HistGBM,snv,leave_region_out,0,0,008,3571,409,1.5341423329955433,0.36069276327052613,0.36495968548574714,-1.8838806989549801,1.2027096331096108,0.589580250442399
HistGBM,snv,leave_region_out,0,0,009,3295,685,1.4271607919945382,0.42617112075315344,0.4178358293016063,0.21042536529259326,5.1664279054441264,1.12621327154138
HistGBM,snv,leave_region_out,0,0,010,3686,294,1.6914112910017138,0.6420741316867379,0.33625037608396896,0.19488579035310916,4.411168872185049,1.1163775880767215
HistGBM,snv,leave_region_out,0,0,012,3901,79,1.7026438750035595,0.14359567154300112,0.41853253108157046,0.09480034019167793,0.8885071047933858,1.0577768384109696
HistGBM,snv,leave_region_out,0,0,013,3875,105,1.7787579580035526,0.34407015607675084,0.3454047069294834,0.5101359667776852,0.7850730895786959,1.435622323779654
HistGBM,snv,leave_region_out,0,0,014,3735,245,1.8326962080027442,0.41665663469792946,0.36814876722151446,0.40591649338972935,0.6116464770855384,1.3000629490177182
HistGBM,snv,leave_region_out,0,0,015,3589,391,1.829047958002775,0.4097867412138526,0.41901930604165305,0.3728328990387788,2.010039724306857,1.2643416387224329
HistGBM,snv,leave_region_out,0,0,016,3868,112,1.688603000002331,0.5991253025889203,0.3611428747628442,0.30419125332660235,1.1552249690265552,1.2042109724542032
MLP,snv,random,0,0,,3184,796,0.5950832499947865,0.6695047828371307,0.3233733634941676,0.699502267774311,1.9367663778539326,1.8253761428113557
MLP,snv,random,1,0,,3184,796,0.7733742499985965,0.6751538356637652,0.31198111535973505,0.4801103821639232,2.2787998796572064,1.3877696876949634
MLP,snv,random,2,0,,3184,796,1.096312375011621,0.7251773568032941,0.2884042982318188,0.5425835234765599,2.107108900050467,1.4795071470256762
MLP,snv,random,3,0,,3184,796,1.5023574579972774,0.6964960101712372,0.2924976531204649,0.5151211685112755,1.3321122474464846,1.436998640768316
MLP,snv,random,4,0,,3184,796,0.7103021249931771,0.6905534826069614,0.30332051132942794,0.5462270896662688,2.5109788372346826,1.4854351169555586
MLP,snv,random,0,1,,3184,796,1.1745344999944791,0.7208621188484112,0.29707988626445964,0.7001964507236575,2.0731457150386414,1.8274882130984063
MLP,snv,random,1,1,,3184,796,1.7031019999994896,0.7288940562430348,0.2813847100248246,0.7598408611889743,1.0421126493588693,2.041848008065004
MLP,snv,random,2,1,,3184,796,1.7495386249938747,0.7257480518965111,0.291491941104883,0.6987615914252712,2.001564605412043,1.8231306704637038
MLP,snv,random,3,1,,3184,796,1.0954422919894569,0.6959133493894747,0.2987349623433812,0.6826050849551344,1.1740706790182993,1.7761227913087705
MLP,snv,random,4,1,,3184,796,0.8360318329941947,0.6524686399257693,0.3152984430599645,0.5589484659686244,2.413355501185933,1.5067052483638466
MLP,snv,random,0,2,,3184,796,0.6311548749945359,0.6757050129554996,0.30659635217199804,0.5649923448504856,1.9197044459617418,1.5171360206671696
MLP,snv,random,1,2,,3184,796,1.0005493750068126,0.7256218223084778,0.30030869850602754,0.4438716185044934,2.6045029440004024,1.3417927464579427
MLP,snv,random,2,2,,3184,796,0.9964224580035079,0.6279795378108811,0.32197731979106364,0.5549068226898803,0.9833187205091495,1.4998488724844194
MLP,snv,random,3,2,,3184,796,1.1080586250027409,0.7092119616183548,0.2864045031094521,0.6901585026904247,1.5140579790005746,1.797641883376394
MLP,snv,random,4,2,,3184,796,0.6673537080059759,0.6589726863702885,0.32966978443108363,0.6368421841826982,2.6536508991089405,1.6604479710391156
MLP,snv,leave_region_out,0,0,002,3837,143,1.2455354999983683,0.597286190259595,0.3627267321588695,0.3280756061996358,1.7963750575703297,1.2242317609363722
MLP,snv,leave_region_out,0,0,003,3734,246,1.6982980000029784,0.5318156758202954,0.38570396743216917,0.3739513630982436,1.2864806720678412,1.2664279132751841
MLP,snv,leave_region_out,0,0,004,3365,615,1.764275292007369,0.5551570260464938,0.38199318518359204,0.4069627412165372,1.4435845283419613,1.2996080192008066
MLP,snv,leave_region_out,0,0,006,3604,376,1.357792458991753,0.4520215841356783,0.3433750655994025,0.6342169226103598,0.3868296281508564,1.655642186591471
MLP,snv,leave_region_out,0,0,007,3700,280,0.9390835839876672,0.47065612074197694,0.369839476496938,0.3620355660962046,1.7818080764674573,1.254234319468881
MLP,snv,leave_region_out,0,0,008,3571,409,0.9947038340033032,0.4503692170256641,0.33839630125601433,-0.13563162479215563,0.754728731538382,0.9395347189882208
MLP,snv,leave_region_out,0,0,009,3295,685,1.8512427079986082,0.5333145618248163,0.3768136287839376,0.5855232333419815,3.743207264965269,1.5544155751222863
MLP,snv,leave_region_out,0,0,010,3686,294,1.5369455829932122,0.7084210393685245,0.3034899589621705,0.35282542207468626,3.954901421256405,1.245171381430948
MLP,snv,leave_region_out,0,0,012,3901,79,1.3817360840039328,0.2537556161807003,0.3906882328203542,-0.1460180788248,0.9997339677639923,0.9400923310789224
MLP,snv,leave_region_out,0,0,013,3875,105,2.917780125004356,0.394605483917027,0.3318324069785353,0.4728490687371789,0.8144038220013182,1.383918423207026
MLP,snv,leave_region_out,0,0,014,3735,245,1.609569874999579,0.3745596822337163,0.38120110953291575,0.5865191896672229,0.5102751397890959,1.5583336532616154
MLP,snv,leave_region_out,0,0,015,3589,391,0.7166510419920087,0.42626830082789513,0.4131273767750547,0.4182942333177241,1.9358187439482515,1.312817600755319
MLP,snv,leave_region_out,0,0,016,3868,112,1.1559950409864541,0.4763660946175322,0.4127514503045082,0.2437089140829949,1.2043871578902534,1.1550559753490897
PLSR,sg1,random,0,0,,3184,796,0.046167707987478934,0.6009670696781055,0.35532521146748486,-844.0883658956625,102.70881041816858,0.034420875151216376
PLSR,sg1,random,1,0,,3184,796,0.04689104200224392,0.5362344495536352,0.3727680461651914,0.46809087595222454,2.304991538790043,1.372000436483712
PLSR,sg1,random,2,0,,3184,796,0.04530174999672454,0.5414588971099696,0.372532878436609,-2.5981208649338914,5.90974787601246,0.5275153428862629
PLSR,sg1,random,3,0,,3184,796,0.04741958300292026,0.5754973815558114,0.34592374199269643,-1.0716186503083578,2.7534621768387577,0.6952132863975501
PLSR,sg1,random,4,0,,3184,796,0.04689570800110232,0.5576811160075439,0.3626408469392268,0.3030289410334641,3.11193947812644,1.1985760548936633
PLSR,sg1,random,0,1,,3184,796,0.04582712500996422,0.6054871851924118,0.3531786300083168,-518.5720401327383,86.30467659731151,0.04389854070070874
PLSR,sg1,random,1,1,,3184,796,0.05321237498719711,0.5788587884397407,0.3507073327454062,-0.21489630782890767,2.3438764462412527,0.907827560913053
PLSR,sg1,random,2,1,,3184,796,0.04214029099966865,0.5734002605628274,0.3635481882104835,-1.569881970302648,5.84616446798731,0.6241893879351595
PLSR,sg1,random,3,1,,3184,796,0.04381333400669973,0.51926144081639,0.375614072009825,-0.11838403911973572,2.203889115896647,0.9461881165302495
PLSR,sg1,random,4,1,,3184,796,0.0406127500027651,0.549015767754226,0.359174507703531,0.4694435962320703,2.6469297343349494,1.373748366885991
PLSR,sg1,random,0,2,,3184,796,0.04578387500077952,0.5518285890196084,0.360428347209215,0.27665248715925395,2.4754799728575207,1.1765204307597523
PLSR,sg1,random,1,2,,3184,796,0.04691754200030118,0.5981947960930897,0.3634133747797533,0.19898128256590797,3.1257817783071697,1.1180253153439024
PLSR,sg1,random,2,2,,3184,796,0.047682290998636745,0.5278443458741588,0.36273082554226044,-0.42778125765740915,1.7611635040357887,0.8374176905601489
PLSR,sg1,random,3,2,,3184,796,0.05095649999566376,0.6043358554641431,0.33408341864570046,0.5988866480080711,1.7226865949067662,1.5799356917030827
PLSR,sg1,random,4,2,,3184,796,0.05394629199872725,0.5494798206234258,0.37891490263003946,-208.8020911957559,63.78242063836882,0.06908250278323477
PLSR,sg1,leave_region_out,0,0,002,3837,143,0.05546229099854827,0.5306371787942744,0.3915936536809324,0.045546638157544006,2.1409876800372207,1.0271798481312462
PLSR,sg1,leave_region_out,0,0,003,3734,246,0.051781083006062545,0.47333931509391236,0.40908270753206394,0.410363798303233,1.2485079111956663,1.304945702294712
PLSR,sg1,leave_region_out,0,0,004,3365,615,0.044791250009438954,0.4952697523097719,0.40689458794225114,0.48053543477530536,1.3510741756370757,1.388594396412608
PLSR,sg1,leave_region_out,0,0,006,3604,376,0.056724124995525926,0.4873006096327367,0.3321378955712734,0.7155035006121763,0.34115079608911275,1.8773265627167284
PLSR,sg1,leave_region_out,0,0,007,3700,280,0.0471823330008192,-0.20316343860236064,0.5575792853933268,0.4409684771053166,1.667941590848136,1.3398579737291252
PLSR,sg1,leave_region_out,0,0,008,3571,409,0.05308058299124241,0.5348765061508061,0.31129648849980973,0.297025237845418,0.5938024853491386,1.1941577615346686
PLSR,sg1,leave_region_out,0,0,009,3295,685,0.0522184170113178,0.47819560282792695,0.39844496618103836,-960.509873807845,180.28959104216182,0.03227307599922514
PLSR,sg1,leave_region_out,0,0,010,3686,294,0.06204291700851172,0.6637500408122577,0.3259097516292357,0.21856752446497596,4.345809313749437,1.133167543856248
PLSR,sg1,leave_region_out,0,0,012,3901,79,0.05581416700442787,-0.23802644471548184,0.5032163620889268,-22.374161305648762,4.514989371265098,0.20816045375333594
PLSR,sg1,leave_region_out,0,0,013,3875,105,0.054310124993207864,0.2151377138459739,0.3778298679343901,0.8271752998857844,0.46631052730909706,2.416991226215133
PLSR,sg1,leave_region_out,0,0,014,3735,245,0.0556651660008356,0.592558773213793,0.3076760593452116,0.5377099770122029,0.5395528505750488,1.473773925776931
PLSR,sg1,leave_region_out,0,0,015,3589,391,0.053639125006156974,0.4539513955707497,0.40303726521765254,0.1955422170323814,2.2764841714899546,1.1163604609049367
PLSR,sg1,leave_region_out,0,0,016,3868,112,0.05636558299011085,0.6502043932069502,0.3373509236608802,0.2905368145120233,1.166504873523624,1.1925664563686638
Ridge,sg1,random,0,0,,3184,796,0.01499770800000988,0.6236803280658907,0.34506436771008664,-71.80180317084167,30.145861937087112,0.11727404403668341
Ridge,sg1,random,1,0,,3184,796,0.007963041993207298,0.5882866103483597,0.3512262205813048,0.47677827791569016,2.2860909186108924,1.3833436682530609
Ridge,sg1,random,2,0,,3184,796,0.00906712499272544,0.5687968268696793,0.36125714592191804,-0.6788233070667391,4.036765990895672,0.7722723299336889
Ridge,sg1,random,3,0,,3184,796,0.012166041997261345,0.6082778077296725,0.33229918161388317,0.13627740131988408,1.7779164589236918,1.0766779728729563
Ridge,sg1,random,4,0,,3184,796,0.011208750001969747,0.5717319958376306,0.35683446523099843,0.3601188674079475,2.981765064825515,1.2509020870760308
Ridge,sg1,random,0,1,,3184,796,0.008409582995227538,0.6269695556271495,0.343428235882979,-68.19177240320275,31.494786681445,0.12029449180237341
Ridge,sg1,random,1,1,,3184,796,0.008376166995731182,0.5996775661357197,0.3419290026519568,0.21061994982266008,1.8893315715570915,1.126237273174394
Ridge,sg1,random,2,1,,3184,796,0.008323457994265482,0.595551902293743,0.3539835580529834,0.40330861725522826,2.8170160621064455,1.295382681741837
Ridge,sg1,random,3,1,,3184,796,0.009336333998362534,0.5544216429699818,0.36161748337705024,-0.5459667257388054,2.591160597761023,0.8047720752675969
Ridge,sg1,random,4,1,,3184,796,0.00868649999029003,0.5851249703600757,0.34449543746782224,0.4350230588557914,2.731442067086134,1.3312438303638168
Ridge,sg1,random,0,2,,3184,796,0.008059083003900014,0.5738683681746592,0.35145421182809516,0.415676333198842,2.224911082603895,1.3090198465796306
Ridge,sg1,random,1,2,,3184,796,0.008466583007248119,0.6180931996333252,0.3543005479112263,0.4103777047354239,2.6817869399271204,1.3031248330574197
Ridge,sg1,random,2,2,,3184,796,0.008529540995368734,0.5561266798843689,0.3516992059197555,-4.886176725068732,3.57590100526915,0.41243576711863217
Ridge,sg1,random,3,2,,3184,796,0.00825062500371132,0.6361989686203829,0.3203491206122257,0.47915124872705994,1.963037194975396,1.3864913226699014
Ridge,sg1,random,4,2,,3184,796,0.008226249992731027,0.5840992876365809,0.3640653897491347,-33.059365424995846,25.69889009602648,0.17145679190062968
Ridge,sg1,leave_region_out,0,0,002,3837,143,0.011458042004960589,0.5453017204601558,0.38542773025491506,0.12401504845664868,2.051091972960699,1.0721993109148793
Ridge,sg1,leave_region_out,0,0,003,3734,246,0.00916750000033062,0.49734219480056074,0.3996519047723765,0.40165574314825025,1.2576934295740039,1.295415078655197
Ridge,sg1,leave_region_out,0,0,004,3365,615,0.008534624997992069,0.5148080288406398,0.3989413474252069,0.5242051580029109,1.2930374213461164,1.4509201346039309
Ridge,sg1,leave_region_out,0,0,006,3604,376,0.010685332992579788,0.4966945601361288,0.32908102498185443,0.639291935391179,0.38413674471109366,1.6672486040660552
Ridge,sg1,leave_region_out,0,0,007,3700,280,0.00944579200586304,-0.09030697532778276,0.5307850878648155,0.49696791816859265,1.582196907100479,1.4124694784720582
Ridge,sg1,leave_region_out,0,0,008,3571,409,0.008874542007106356,0.5422478728721292,0.30881989356771594,0.3107016806384306,0.5879978716172664,1.2059462813154642
Ridge,sg1,leave_region_out,0,0,009,3295,685,0.0088657919986872,0.4569278998402375,0.4064837824392047,-348.7904988635858,108.74211704945108,0.05350732385435271
Ridge,sg1,leave_region_out,0,0,010,3686,294,0.010176582989515737,0.6792681580213048,0.3183004659496441,0.18645900587193898,4.43419368587469,1.1105807312423799
Ridge,sg1,leave_region_out,0,0,012,3901,79,0.01000991700857412,0.3453911036516135,0.36591544797417064,0.3830475326282152,0.7335244030134619,1.2812692152476124
Ridge,sg1,leave_region_out,0,0,013,3875,105,0.01004991598892957,0.2347305670831541,0.37308409871555337,0.8182058593224224,0.4782580126894093,2.356611752012154
Ridge,sg1,leave_region_out,0,0,014,3735,245,0.010531916996114887,0.6293163315682344,0.29346948189066413,0.5401926299899505,0.5381021100318885,1.4777472675381262
Ridge,sg1,leave_region_out,0,0,015,3589,391,0.011908790998859331,0.49067386944549674,0.3892490232665635,0.1204972814840588,2.38029946612378,1.0676710872291404
Ridge,sg1,leave_region_out,0,0,016,3868,112,0.01043329099775292,0.6119060658785396,0.355339228942866,0.2860104097844747,1.170220131953688,1.1887802519961257
RandomForest,sg1,random,0,0,,3184,796,29.67236350000894,0.7229398069528346,0.2960797604344868,0.7771749717381378,1.667779467790264,2.1197809474281923
RandomForest,sg1,random,1,0,,3184,796,28.980310209008167,0.6830032936192871,0.30818877015000645,0.4156441195432268,2.4159576930772007,1.308983765060553
RandomForest,sg1,random,2,0,,3184,796,28.765036416996736,0.6927724404469744,0.30493379448900815,0.7514489062952452,1.5532412603659718,2.0070820655714114
RandomForest,sg1,random,3,0,,3184,796,29.195154790999368,0.7031973025449942,0.2892504913396784,0.500084438267804,1.3526098228944818,1.4152222293011965
RandomForest,sg1,random,4,0,,3184,796,29.220600208995165,0.7166858676601305,0.2902305327764943,0.7006711913119241,2.0393794008574244,1.8289368526486331
RandomForest,sg1,random,0,1,,3184,796,27.952731875004247,0.7251337036402568,0.2947980493502485,0.7245614660195645,1.9871186182002254,1.9066045295776268
RandomForest,sg1,random,1,1,,3184,796,26.76145233400166,0.6993237187411132,0.2963333703110034,0.5717036286630316,1.3916733353009072,1.5289763648540922
RandomForest,sg1,random,2,1,,3184,796,28.224438167002518,0.6990071468746126,0.3053724008502172,0.747584502348047,1.8321981836401864,1.9916589011082124
RandomForest,sg1,random,3,1,,3184,796,27.781599958994775,0.687600921616784,0.3027905016877617,0.6930056700131987,1.1546741335254886,1.8059586086378143
RandomForest,sg1,random,4,1,,3184,796,28.243971791001968,0.66196920502018,0.31095887728893845,0.5028797195351432,2.5621666424654554,1.4191955119303414
RandomForest,sg1,random,0,2,,3184,796,27.314453500002855,0.695660558546543,0.2970133603361398,0.643704960179805,1.737363963294396,1.6763630566394774
RandomForest,sg1,random,1,2,,3184,796,31.21997537498828,0.7245751158061079,0.3008809667831802,0.4685060275603147,2.546164711578381,1.3725361688096416
RandomForest,sg1,random,2,2,,3184,796,31.76463533300557,0.6619273367630891,0.30693533938083933,0.5674390851036486,0.969376475842842,1.5214207390025143
RandomForest,sg1,random,3,2,,3184,796,32.3940512919944,0.7188346769551763,0.28162580854079944,0.7705318339641909,1.3029685621451734,2.088871609020756
RandomForest,sg1,random,4,2,,3184,796,32.45711666699208,0.7043213592401065,0.3069690136043233,0.6110172887745666,2.7463838749632212,1.604382144623017
RandomForest,sg1,leave_region_out,0,0,002,3837,143,40.53540429098939,0.6649282245374946,0.3308645406012031,0.38692547161507196,1.7159058251703234,1.2816434140919173
RandomForest,sg1,leave_region_out,0,0,003,3734,246,39.697272167002666,0.5116642483767057,0.3939171890759519,0.5453286874680264,1.096346931193207,1.4860579134586147
RandomForest,sg1,leave_region_out,0,0,004,3365,615,34.93841666600201,0.599311594013773,0.36253975376452974,0.5335339502416399,1.2802985371276163,1.465356692226247
RandomForest,sg1,leave_region_out,0,0,006,3604,376,37.48885629200959,0.36517480472953,0.36958480425923773,0.6953353701141596,0.35303595985444564,1.8141252569684498
RandomForest,sg1,leave_region_out,0,0,007,3700,280,36.7136411669926,0.5654436903646405,0.3350945371834114,0.349655614267821,1.799013353481255,1.2422391617537278
RandomForest,sg1,leave_region_out,0,0,008,3571,409,26.9710667909967,0.461376406446282,0.3349907151247596,-0.06901832660756924,0.7322590022764365,0.9683648060233185
RandomForest,sg1,leave_region_out,0,0,009,3295,685,23.645077082997886,0.5321879748606879,0.3772681720377794,0.21436506455077853,5.1535224593534625,1.1290335337556423
RandomForest,sg1,leave_region_out,0,0,010,3686,294,29.85284566700284,0.7069966694860346,0.3042303335677043,0.6736469801677705,2.808463320052241,1.7534607025016993
RandomForest,sg1,leave_region_out,0,0,012,3901,79,35.29425387500669,0.3354518216890585,0.3686829288770707,0.16348046299897612,0.8541354714528322,1.1003432916975309
RandomForest,sg1,leave_region_out,0,0,013,3875,105,36.45651004099636,0.24268466978113756,0.3711401424326282,0.36568305403181367,0.8933578769444633,1.2616091292022105
RandomForest,sg1,leave_region_out,0,0,014,3735,245,35.568031375005376,0.4899314930412414,0.3442512089311077,0.587282688572855,0.5098038065187045,1.5597743927927077
RandomForest,sg1,leave_region_out,0,0,015,3589,391,29.595814583997708,0.5185839182792312,0.3784337396652065,0.6458096167247938,1.5105370736609622,1.6824326679834454
RandomForest,sg1,leave_region_out,0,0,016,3868,112,34.741065792011796,0.6790125615406986,0.32316085369706304,0.45654992070688516,1.020942900645424,1.3625978323326322
HistGBM,sg1,random,0,0,,3184,796,1.6589761249924777,0.7614545116739505,0.27473074127914227,0.7676130585127692,1.7031876440278446,2.0757120642168863
HistGBM,sg1,random,1,0,,3184,796,1.6968873330042697,0.7332559780208983,0.28270714346136594,0.5410382507885771,2.1411094167811258,1.4770143798001343
HistGBM,sg1,random,2,0,,3184,796,1.7901500839943765,0.7399368251194625,0.28055299063287287,0.7743950532844429,1.479808059725883,2.1066804283817415
HistGBM,sg1,random,3,0,,3184,796,1.9883312080055475,0.7469239501608267,0.26709496859718806,0.5041993481707974,1.347031512455838,1.421082930303149
HistGBM,sg1,random,4,0,,3184,796,1.8218255000101635,0.7358304515649032,0.28025305576409154,0.6932128239802064,2.064630651489439,1.806568230530657
HistGBM,sg1,random,0,1,,3184,796,1.7088150000054156,0.752442975712601,0.2797702217235772,0.74426253102973,1.9147347740828333,1.9786810212831512
HistGBM,sg1,random,1,1,,3184,796,1.7686752499866998,0.7430567393515026,0.2739363033440109,0.778921365063082,0.9998583915265524,2.1281369995045383
HistGBM,sg1,random,2,1,,3184,796,1.856233999991673,0.7309208632065196,0.2887298628727192,0.6335649788904016,2.2075620883784537,1.6530062009362114
HistGBM,sg1,random,3,1,,3184,796,1.801777624990791,0.7339944938043799,0.2794040447164218,0.7537278035635865,1.0341938521673577,2.0163470197019833
HistGBM,sg1,random,4,1,,3184,796,1.8084221669996623,0.7085775561757053,0.2887262858201998,0.5497122499568498,2.43849403946085,1.491172560179221
HistGBM,sg1,random,0,2,,3184,796,1.8550892089988338,0.7190290865756587,0.28538263749165443,0.7483475726918907,1.460113050657965,1.994676208592919
HistGBM,sg1,random,1,2,,3184,796,1.753552624999429,0.7551803830948871,0.283671846177235,0.4957985396656567,2.479929715658201,1.4091944365691687
HistGBM,sg1,random,2,2,,3184,796,1.7868982079962734,0.7011167656491011,0.2885975527533636,0.6373927143021423,0.8875382968970085,1.6617079842128903
HistGBM,sg1,random,3,2,,3184,796,2.048868957994273,0.7604546500690716,0.2599473805870138,0.8290529153925594,1.1246142034816538,2.4201490862248836
HistGBM,sg1,random,4,2,,3184,796,2.0391082919959445,0.7451193863413852,0.28500531829634723,0.533823825165435,3.0065686728612713,1.4655408642564798
HistGBM,sg1,leave_region_out,0,0,002,3837,143,2.16918737499509,0.6633393877800219,0.3316480563717004,0.4423528209769073,1.6365021002651312,1.3438292561159626
HistGBM,sg1,leave_region_out,0,0,003,3734,246,1.9532870839902898,0.6284009111815394,0.34362360684563387,0.6529741376122196,0.9578117263329096,1.7009971669833726
HistGBM,sg1,leave_region_out,0,0,004,3365,615,1.9196399169886718,0.6473612376259424,0.34010833216852177,0.6661565161528322,1.0831102877634833,1.7321357304262868
HistGBM,sg1,leave_region_out,0,0,006,3604,376,1.9450632919906639,0.39933649102376423,0.3595031114933965,0.634485398305842,0.3866876404216562,1.6562501213943155
HistGBM,sg1,leave_region_out,0,0,007,3700,280,2.0920977920031874,0.6131369009627199,0.31617168303676324,0.5140879414678949,1.5550398670468086,1.4371366854127392
HistGBM,sg1,leave_region_out,0,0,008,3571,409,2.108233458988252,0.4922014237030933,0.32526386844336314,0.08093309457147368,0.6789623748323095,1.0443787063655516
HistGBM,sg1,leave_region_out,0,0,009,3295,685,2.053842666995479,0.5913680882306869,0.3525986270840852,0.23897870827407786,5.072151105049014,1.1471463592204403
HistGBM,sg1,leave_region_out,0,0,010,3686,294,1.8077987919969019,0.7224832284255506,0.29608121376235885,0.43339090150054527,3.7005536960708554,1.3307549276633346
HistGBM,sg1,leave_region_out,0,0,012,3901,79,2.051278957995237,0.3497619271729525,0.36469179326675083,0.321395364127405,0.7693024667217433,1.2216810381734713
HistGBM,sg1,leave_region_out,0,0,013,3875,105,2.1331687079946278,0.2567120613338798,0.3676868506302598,0.6289554121240701,0.6832590058846082,1.6495478925135225
HistGBM,sg1,leave_region_out,0,0,014,3735,245,2.0346610829874408,0.5565124588857695,0.32099770768440467,0.6942232738330031,0.43881245339676056,1.8121156694638
HistGBM,sg1,leave_region_out,0,0,015,3589,391,2.2247794169961708,0.5446420505398697,0.36804931510897304,0.5673287840769419,1.6695214688951414,1.5222187712321875
HistGBM,sg1,leave_region_out,0,0,016,3868,112,2.073001333003049,0.7081402881492319,0.3081497380644174,0.5279613254170805,0.9515035575964428,1.4620382364822022
MLP,sg1,random,0,0,,3184,796,0.966967416999978,0.7489020408016525,0.28186635926526,-0.5953983471170445,4.462633349668945,0.7922064985679356
MLP,sg1,random,1,0,,3184,796,0.6341963329905411,0.7182381546300769,0.2905564537577022,0.6405806336249957,1.894747543222583,1.6690610887044686
MLP,sg1,random,2,0,,3184,796,1.0342477500089444,0.7640846994932607,0.2672105042899451,0.6425543776019804,1.8626706468166792,1.6736628574213497
MLP,sg1,random,3,0,,3184,796,1.4285054999927524,0.7318374877930196,0.27494081536947657,0.6147602727445928,1.187380035283568,1.6121573818396473
MLP,sg1,random,4,0,,3184,796,0.7322826250019716,0.723753668397031,0.28658749705612613,0.27101225514436966,3.182613373660193,1.1719601801556665
MLP,sg1,random,0,1,,3184,796,0.6242410829872824,0.7506234720383478,0.2807964721881463,0.7305041496783187,1.9655653363349244,1.9275112804609482
MLP,sg1,random,1,1,,3184,796,0.5842332500033081,0.7122383989128007,0.28989945299992165,0.6729107546845131,1.216181075029599,1.7496042990316756
MLP,sg1,random,2,1,,3184,796,0.8964349589950871,0.7526388021372519,0.2768327579241965,0.7511349253801572,1.819266894237,2.00581554724092
MLP,sg1,random,3,1,,3184,796,0.7436825829936424,0.7376258958594042,0.2774903341630473,-0.6459116731824763,2.673606710274504,0.7799552879629272
MLP,sg1,random,4,1,,3184,796,0.7579202089982573,0.7286928021510939,0.2785835601567457,0.27250272449409396,3.0995048327434533,1.1731601000880183
MLP,sg1,random,0,2,,3184,796,1.2633085830020718,0.7267461451890092,0.28143623635666115,0.34924919563912027,2.3479739685807677,1.2404110109295214
MLP,sg1,random,1,2,,3184,796,1.3581116669956828,0.7874981191297374,0.2642862187239761,0.4723065509066343,2.537045022721244,1.3774699018307786
MLP,sg1,random,2,2,,3184,796,1.2554353339946829,0.7353599127489193,0.2715624276601684,0.6438497084522141,0.8796005472534856,1.6767036797027477
MLP,sg1,random,3,2,,3184,796,0.8708808749943273,0.7559926341316523,0.2623572327550643,0.7633065749937669,1.3233228510228097,2.056742264223726
MLP,sg1,random,4,2,,3184,796,0.5720153329893947,0.7319891932642424,0.29225416903518897,0.6697433538090025,2.530590504595343,1.7411940980850837
MLP,sg1,leave_region_out,0,0,002,3837,143,1.3527780410076957,0.6103689543353443,0.35678622540018073,0.5284856270135927,1.5048190486965207,1.461424482854891
MLP,sg1,leave_region_out,0,0,003,3734,246,0.8622862089978298,0.6405409591193332,0.3379639501031837,0.6030773547437788,1.0243589520513965,1.5904923071478043
MLP,sg1,leave_region_out,0,0,004,3365,615,1.3157912499882514,0.6265067430217123,0.35002062027841535,0.5374871224118175,1.274861904186781,1.4716056878522576
MLP,sg1,leave_region_out,0,0,006,3604,376,1.6610555829975056,0.5146621385231005,0.3231536869115771,0.6221560981016379,0.39315529971102314,1.6290037343024346
MLP,sg1,leave_region_out,0,0,007,3700,280,1.2046552919928217,0.6296555702198906,0.30934793855827797,0.49306356341976343,1.5883252612560959,1.407019641836437
MLP,sg1,leave_region_out,0,0,008,3571,409,1.4454927920014597,0.5067802586608058,0.32056072301057825,0.228054255092624,0.6222508995010382,1.1395625900530613
MLP,sg1,leave_region_out,0,0,009,3295,685,0.9983807500102557,0.6341700047145895,0.3336215785617169,0.6472606779596596,3.4531919302396035,1.684962721770633
MLP,sg1,leave_region_out,0,0,010,3686,294,1.326619750005193,0.7833895977115072,0.2615808156318811,0.5973489690686056,3.1195312890794096,1.578612172722368
MLP,sg1,leave_region_out,0,0,012,3901,79,1.5290319159976207,0.44252116426510957,0.33767894726231373,0.3984502465243237,0.7243100154104907,1.297569019091075
MLP,sg1,leave_region_out,0,0,013,3875,105,1.4546041249996051,0.1936975587610943,0.38295570463453005,0.6412510037768693,0.6718427909023731,1.6775776542664675
MLP,sg1,leave_region_out,0,0,014,3735,245,1.4562435829866445,0.6376003723138188,0.29017172437881783,0.7299404858128136,0.41238842984944485,1.9282280132020873
MLP,sg1,leave_region_out,0,0,015,3589,391,0.740196750004543,0.5479956309561422,0.36669152184031845,0.5010851273510997,1.792776832587929,1.4175645695168664
MLP,sg1,leave_region_out,0,0,016,3868,112,1.8682746249978663,0.7465168540094584,0.2871767475116645,0.5775472396887702,0.9001413270281148,1.5454624086061926
PLSR,snv_sg1,random,0,0,,3184,796,0.052892749998136424,0.5847134198158237,0.36248964350221163,0.31404475026656486,2.926203529700936,1.208161737367274
PLSR,snv_sg1,random,1,0,,3184,796,0.052451166993705556,0.5297546301613592,0.37536320518206845,0.48827722406774476,2.2608304251759983,1.3987999109066376
PLSR,snv_sg1,random,2,0,,3184,796,0.0484142079949379,0.5660717572832632,0.3623968643449463,0.579446509812766,2.020420191898188,1.5429872903107331
PLSR,snv_sg1,random,3,0,,3184,796,0.054933250008616596,0.5530369288496971,0.3549572121464828,0.4186556619501085,1.4586158636155908,1.3123698546555176
PLSR,snv_sg1,random,4,0,,3184,796,0.04712524999922607,0.560881655212015,0.36132646327078294,-0.7246246251165078,4.8952069993110925,0.7619486046832229
PLSR,snv_sg1,random,0,1,,3184,796,0.0421632090001367,0.5958217705073787,0.35747882250792645,-0.3691044687325864,4.430265333492724,0.8551743683671643
PLSR,snv_sg1,random,1,1,,3184,796,0.045681000003241934,0.5328847149618884,0.36935417683422184,0.5720114514171549,1.3911731376019059,1.5295261098418698
PLSR,snv_sg1,random,2,1,,3184,796,0.042870457997196354,0.567768059441677,0.36594019911590114,0.6116047310879252,2.2727486362191565,1.6055949887673369
PLSR,snv_sg1,random,3,1,,3184,796,0.0373787909920793,0.5293338034456685,0.3716583373139427,-6.5305754910578555,5.718845227381421,0.3646354480144922
PLSR,snv_sg1,random,4,1,,3184,796,0.04383841699745972,0.5643083955129907,0.3530322835816726,0.563127476367553,2.401894888353543,1.5138944744984941
PLSR,snv_sg1,random,0,2,,3184,796,0.04805258299165871,0.5606601660545018,0.3568594127467663,-2.205899015774839,5.211477174672441,0.5588535968569271
PLSR,snv_sg1,random,1,2,,3184,796,0.04713645800075028,0.5797707453357887,0.37165182487587733,0.4556256071101098,2.576832367175118,1.3562012038133493
PLSR,snv_sg1,random,2,2,,3184,796,0.05246979199000634,0.52230237333248,0.36485340923467907,0.15608920706863005,1.3539951521045532,1.0892428026467453
PLSR,snv_sg1,random,3,2,,3184,796,0.043469666998134926,0.5750661144545428,0.34622008240022584,0.7249029878458906,1.4266441229500728,1.9077876487399936
PLSR,snv_sg1,random,4,2,,3184,796,0.03897079199668951,0.554812861479129,0.3766655199937373,0.5084311879243968,3.0873669551412957,1.4271867631199382
PLSR,snv_sg1,leave_region_out,0,0,002,3837,143,0.04741808299149852,0.43162085821877605,0.4309236879523103,0.18195914015190506,1.9820942903501086,1.109523099248244
PLSR,snv_sg1,leave_region_out,0,0,003,3734,246,0.05162870899948757,0.5718591457079404,0.36884084435043224,0.6088622041125222,1.016866923094573,1.6022106688627207
PLSR,snv_sg1,leave_region_out,0,0,004,3365,615,0.04687683300289791,0.45087092416816466,0.42441377116622,0.33530346487885576,1.5283152141810636,1.2275569934915016
PLSR,snv_sg1,leave_region_out,0,0,006,3604,376,0.04085291699448135,0.3301218064260374,0.37965135075086176,0.5803415011451696,0.41433911776508736,1.5457180457510127
PLSR,snv_sg1,leave_region_out,0,0,007,3700,280,0.04368695800076239,-0.2707511821476811,0.5730263315559851,0.5069940891403213,1.5663497871122585,1.4267597560902603
PLSR,snv_sg1,leave_region_out,0,0,008,3571,409,0.05122387500887271,0.512990441981355,0.3185362227116427,0.37481630880553496,0.559984446128402,1.266274182436235
PLSR,snv_sg1,leave_region_out,0,0,009,3295,685,0.04358254199905787,0.5221405972035409,0.38129801572283767,-0.1352258176513288,6.194908684990972,0.9392389733960038
PLSR,snv_sg1,leave_region_out,0,0,010,3686,294,0.05687966699770186,0.7007446088331997,0.3074590115877408,0.29561485782659247,4.126007676364525,1.1935339079320666
PLSR,snv_sg1,leave_region_out,0,0,012,3901,79,0.05989404099818785,0.07327899781503056,0.43537581031830463,-2.8329019194834086,1.8283215026758248,0.5140464818898282
PLSR,snv_sg1,leave_region_out,0,0,013,3875,105,0.04923066699120682,0.3576408586146299,0.3418129483767934,0.9068789849066952,0.34229153960751935,3.2927149017184787
PLSR,snv_sg1,leave_region_out,0,0,014,3735,245,0.04611991699493956,0.49258302743170657,0.3433552672440909,0.6288856043568234,0.4834266982337503,1.6448800317843268
PLSR,snv_sg1,leave_region_out,0,0,015,3589,391,0.049536417005583644,0.4358936425973281,0.4096472555597711,0.4433633805386591,1.893646428255466,1.3420546100934898
PLSR,snv_sg1,leave_region_out,0,0,016,3868,112,0.051491541002178565,0.4752957404341417,0.4131730852510088,0.17887580316936524,1.2549489233996813,1.1085188866382176
Ridge,snv_sg1,random,0,0,,3184,796,0.014818915995419957,0.6293637384640514,0.3424487677244194,0.6469883292915329,2.099187199934665,1.6841409572446735
Ridge,snv_sg1,random,1,0,,3184,796,0.008767125007580034,0.5786678108653438,0.3553053563874938,0.4721548094003126,2.2961692675394105,1.3772718945498745
Ridge,snv_sg1,random,2,0,,3184,796,0.008428625005763024,0.6009564581183198,0.347524650909191,0.2694879043338587,2.662838239810278,1.1707367839993883
Ridge,snv_sg1,random,3,0,,3184,796,0.008338166997418739,0.5897315610528284,0.3400746329445679,0.41929503540483903,1.4578135363486608,1.3130921350380445
Ridge,snv_sg1,random,4,0,,3184,796,0.008382416010135785,0.6020613098592758,0.34396722508210076,-0.3164048226704206,4.276795673213327,0.872123998376152
Ridge,snv_sg1,random,0,1,,3184,796,0.00805545799084939,0.630675853950316,0.34171788628665944,0.42144790117833875,2.8799349617437566,1.3155329577215922
Ridge,snv_sg1,random,1,1,,3184,796,0.009252125004422851,0.5776454624230846,0.35121217087693435,0.5572025037122463,1.4150366453859895,1.503731825045652
Ridge,snv_sg1,random,2,1,,3184,796,0.00934337500075344,0.6072604361637006,0.34882212096889703,0.4668562954603419,2.6627879500684806,1.37041097130826
Ridge,snv_sg1,random,3,1,,3184,796,0.010626250004861504,0.571020947022367,0.35481781620876257,-5.089123281926317,5.14246853837945,0.4055044140861006
Ridge,snv_sg1,random,4,1,,3184,796,0.009943416007445194,0.6080619495813491,0.33483707559897113,0.44295954968827367,2.7121893036213063,1.3406938059041613
Ridge,snv_sg1,random,0,2,,3184,796,0.00974375000805594,0.6040618739253836,0.33877435519311494,-1.4562780091927578,4.561678576623169,0.6384607584867245
Ridge,snv_sg1,random,1,2,,3184,796,0.009061958000529557,0.6267153523214185,0.3502782671213035,0.45275248736606355,2.583623470008518,1.352636403468101
Ridge,snv_sg1,random,2,2,,3184,796,0.00797249999595806,0.5611077573892798,0.34972028150989487,-0.616597643814738,1.8740009621666118,0.7869950464397611
Ridge,snv_sg1,random,3,2,,3184,796,0.00890166699537076,0.6152526115143224,0.32944233960405384,0.5908188572504225,1.7399249681930489,1.5642824183034925
Ridge,snv_sg1,random,4,2,,3184,796,0.009389958009705879,0.5873917704105229,0.36262146243096643,0.4739770293408836,3.1937318235187515,1.379655367061127
Ridge,snv_sg1,leave_region_out,0,0,002,3837,143,0.009895916999084875,0.5315244379081363,0.3912233544413574,0.27142916737241274,1.8705645633252475,1.1756768213988216
Ridge,snv_sg1,leave_region_out,0,0,003,3734,246,0.00952354198670946,0.624133585124656,0.34559100696730355,0.6660583463029612,0.9395816477767234,1.7340004850572543
Ridge,snv_sg1,leave_region_out,0,0,004,3365,615,0.010585875003016554,0.5104984908408787,0.4007091550173656,0.456126977179827,1.3824517664221854,1.3570773859856233
Ridge,snv_sg1,leave_region_out,0,0,006,3604,376,0.008131249996949919,0.34229851889378915,0.3761849692993281,0.5136908869449569,0.4460300608160568,1.4358930207938885
Ridge,snv_sg1,leave_region_out,0,0,007,3700,280,0.008734625007491559,-0.1518311173277258,0.5455552272615668,0.5566031927236987,1.4854531876639367,1.504459957924915
Ridge,snv_sg1,leave_region_out,0,0,008,3571,409,0.00893816699681338,0.5150384907356913,0.31786573789307476,0.42789614222261385,0.535685119356626,1.3237139152752522
Ridge,snv_sg1,leave_region_out,0,0,009,3295,685,0.008303958005853929,0.5441920725972095,0.3723963488340697,-0.15676396129974868,6.25339920823138,0.9304538987234318
Ridge,snv_sg1,leave_region_out,0,0,010,3686,294,0.009382166987052187,0.7197263921766188,0.2975482067040648,0.20199407300994032,4.391652788931635,1.1213386628698065
Ridge,snv_sg1,leave_region_out,0,0,012,3901,79,0.009519999992335215,0.29439914215948515,0.3799000433232988,0.3582025495225831,0.748148324490017,1.2562244750794367
Ridge,snv_sg1,leave_region_out,0,0,013,3875,105,0.00995699998748023,0.4255836833234481,0.32323095090513254,0.9214168520529207,0.3144394479840375,3.584373590603223
Ridge,snv_sg1,leave_region_out,0,0,014,3735,245,0.009599875003914349,0.584586032023855,0.3106717521520461,0.6408497687144038,0.47557038945694263,1.6720530554144553
Ridge,snv_sg1,leave_region_out,0,0,015,3589,391,0.010511666987440549,0.5239808993104552,0.3763065193093159,0.40765378488216986,1.9534433223043226,1.3009729485928763
Ridge,snv_sg1,leave_region_out,0,0,016,3868,112,0.010041583998827264,0.5343156100062467,0.3892427824692067,0.22359158896045506,1.2203003647283936,1.139993581551108
RandomForest,snv_sg1,random,0,0,,3184,796,30.753788874993916,0.6984844633778006,0.30887055056630375,0.8087439747813874,1.5451270678419957,2.2880494516683036
RandomForest,snv_sg1,random,1,0,,3184,796,30.23267645800661,0.6644151283570836,0.31709589655519055,0.45868175946774126,2.3252890489166496,1.360024208080533
RandomForest,snv_sg1,random,2,0,,3184,796,29.48320175000117,0.6942748125062828,0.3041873031023569,0.7600951360124124,1.5259861994118762,2.0429297973910723
RandomForest,snv_sg1,random,3,0,,3184,796,29.59890154200548,0.6684124044195604,0.3057308905214163,0.46239140325405337,1.4026758230379957,1.3647084076671734
RandomForest,snv_sg1,random,4,0,,3184,796,26.307777584006544,0.7139116886918612,0.2916480230323823,0.7363377087887923,1.914025769397386,1.9487178294025571
RandomForest,snv_sg1,random,0,1,,3184,796,28.986476416001096,0.6950632443636156,0.3105051071894549,0.7357590253980144,1.946307806771895,1.946582829851748
RandomForest,snv_sg1,random,1,1,,3184,796,29.670327165993513,0.6920750584973436,0.29988407875290546,0.6910658467375635,1.1819471838391105,1.8002797979189544
RandomForest,snv_sg1,random,2,1,,3184,796,29.72425587500038,0.7136744478898874,0.2978391234770781,0.7265236265844941,1.9071038650983099,1.913432135408717
RandomForest,snv_sg1,random,3,1,,3184,796,29.17903841700172,0.6674190950390408,0.31241798780944896,0.691144737919859,1.158168536242816,1.8005097067967426
RandomForest,snv_sg1,random,4,1,,3184,796,29.72781404199486,0.6563046120586531,0.31355351841708234,0.49568924845864404,2.5806300244322595,1.4090417322043582
RandomForest,snv_sg1,random,0,2,,3184,796,30.169205749989487,0.6652830246062964,0.311483994087953,0.7571664951287111,1.4343007482353847,2.0305732724372145
RandomForest,snv_sg1,random,1,2,,3184,796,30.11494341600337,0.7126256660047683,0.30733860593995665,0.4292354335651146,2.638553016527502,1.324477142016021
RandomForest,snv_sg1,random,2,2,,3184,796,30.291201500003808,0.64621731428023,0.3139859060002654,0.5655126780020924,0.9715326336823051,1.5180441944174
RandomForest,snv_sg1,random,3,2,,3184,796,27.45965929099475,0.7095155944097649,0.28625493624303494,0.8294088069139964,1.1234429369715317,2.422672258057571
RandomForest,snv_sg1,random,4,2,,3184,796,23.430792291997932,0.6902878648293472,0.31416924854693995,0.7250100882370288,2.309162370994782,1.9081591258449975
RandomForest,snv_sg1,leave_region_out,0,0,002,3837,143,28.554886957994313,0.5150016347575113,0.3980626587239208,0.19577179720582683,1.9652891735182907,1.1190105912477486
RandomForest,snv_sg1,leave_region_out,0,0,003,3734,246,31.373882165993564,0.5756484340256374,0.3672049918790338,0.3902799874448104,1.269592808152542,1.2832736784060133
RandomForest,snv_sg1,leave_region_out,0,0,004,3365,615,29.802229790991987,0.5579454371730022,0.38079407837540635,0.5212186791327493,1.2970891552578134,1.4463878769031329
RandomForest,snv_sg1,leave_region_out,0,0,006,3604,376,32.20383495799615,0.3011304250206692,0.3877797230591538,0.5975234517212924,0.40576839342556215,1.5783670235704048
RandomForest,snv_sg1,leave_region_out,0,0,007,3700,280,34.08773104099964,0.5032472222746436,0.35827332143912993,0.4390021748123064,1.6708723723591594,1.3375078056123
RandomForest,snv_sg1,leave_region_out,0,0,008,3571,409,32.0115631249937,0.4441084432593204,0.3403181582829254,0.1307522853943477,0.6603039921880958,1.0738899886830549
RandomForest,snv_sg1,leave_region_out,0,0,009,3295,685,29.43573091700091,0.44568407783536035,0.4106701661577147,0.3235772181456448,4.7819264551517815,1.2167689587330188
RandomForest,snv_sg1,leave_region_out,0,0,010,3686,294,33.945546499991906,0.708024288605451,0.30369636778541537,0.5964460428316904,3.123027032435446,1.5768451617560082
RandomForest,snv_sg1,leave_region_out,0,0,012,3901,79,34.40673066700401,0.3645099325370591,0.36053229784605,0.17128266583011154,0.8501428867825372,1.1055109097847915
RandomForest,snv_sg1,leave_region_out,0,0,013,3875,105,34.91307454100752,0.29996100027392736,0.3568294361750517,0.3236366641195607,0.9224914355223693,1.2217657636676345
RandomForest,snv_sg1,leave_region_out,0,0,014,3735,245,34.008201583012124,0.4493151709799742,0.3576949223993286,0.5506092674746104,0.531972015818525,1.4947758511932472
RandomForest,snv_sg1,leave_region_out,0,0,015,3589,391,32.949618333004764,0.49484913804312947,0.3876502797642714,0.5434848181308874,1.7149071798019409,1.4819326368560828
RandomForest,snv_sg1,leave_region_out,0,0,016,3868,112,35.884826749999775,0.6190366705360039,0.35205970038701806,0.24624527862413315,1.2023658922532405,1.1569977095307076
HistGBM,snv_sg1,random,0,0,,3184,796,2.1412668750126613,0.7320486610343933,0.2911720071630146,0.7564416985444644,1.7436451498497176,2.027549665503005
HistGBM,snv_sg1,random,1,0,,3184,796,1.9181831660098396,0.6983368794923095,0.30064261786626456,0.5111471369727048,2.2097324686349564,1.4311458252069664
HistGBM,snv_sg1,random,2,0,,3184,796,1.9703500000032363,0.7368119458306188,0.2822334984147147,0.7522975647143728,1.5505872821108007,2.0105173782557246
HistGBM,snv_sg1,random,3,0,,3184,796,1.849142250008299,0.7073131282579063,0.2872379410295726,0.48633407427970454,1.3710856573593555,1.39615163987505
HistGBM,snv_sg1,random,4,0,,3184,796,1.9796919169893954,0.751850961486684,0.2716222098183021,0.706835826961702,2.0182697788307125,1.8480661910924288
HistGBM,snv_sg1,random,0,1,,3184,796,1.8556695419974858,0.7364971703702858,0.28863999066227547,0.6954140630702662,2.0896154333260313,1.8130845024618758
HistGBM,snv_sg1,random,1,1,,3184,796,1.8507762910012389,0.7253138203898214,0.28323660485332247,0.719145696077814,1.126952601601654,1.888132326282948
HistGBM,snv_sg1,random,2,1,,3184,796,1.7007762909925077,0.7461524916009677,0.2804388284824221,0.7606067391477486,1.7843103741364053,2.045111587050781
HistGBM,snv_sg1,random,3,1,,3184,796,1.8811920000007376,0.7064403809609172,0.29351853645612946,0.5753677630325327,1.3580030353518062,1.535558932732095
HistGBM,snv_sg1,random,4,1,,3184,796,2.221502166998107,0.6978576795340599,0.2939886787056431,0.5445965529847336,2.4523067243491314,1.4827734898332088
HistGBM,snv_sg1,random,0,2,,3184,796,2.0332180419936776,0.7066755231507815,0.29158892050056767,0.8124382756078479,1.2605440573349491,2.310472805021189
HistGBM,snv_sg1,random,1,2,,3184,796,1.8033596250024857,0.7468754142798557,0.28844319204221236,0.5162832271896429,2.4290300988833153,1.438723694693902
HistGBM,snv_sg1,random,2,2,,3184,796,1.8000535419996595,0.6788941138770037,0.2991341527983187,0.5923822972886588,0.9410124238527493,1.567279492666138
HistGBM,snv_sg1,random,3,2,,3184,796,1.7514076250081416,0.7382691990745406,0.2717183634910748,0.7974960268661765,1.2240227482033028,2.2235975931875296
HistGBM,snv_sg1,random,4,2,,3184,796,1.811288875003811,0.7254542554303545,0.29579574364119793,0.6917124836775742,2.4449729601297934,1.8021668636522081
HistGBM,snv_sg1,leave_region_out,0,0,002,3837,143,1.8386768750060583,0.6197224709237934,0.3524776900591478,0.3686095196150284,1.7413490248681172,1.2629170652322608
HistGBM,snv_sg1,leave_region_out,0,0,003,3734,246,1.797459916997468,0.6216316656673293,0.34673929629197153,0.4174456486208331,1.240987634030941,1.3128535597922901
HistGBM,snv_sg1,leave_region_out,0,0,004,3365,615,2.034434790999512,0.616256086888445,0.35479132899981275,0.6426415059331352,1.1206068778676552,1.674176793379449
HistGBM,snv_sg1,leave_region_out,0,0,006,3604,376,1.8793586249958025,0.3316302959330394,0.3792236439962485,0.6166838505785615,0.3959920654539808,1.6173340510139034
HistGBM,snv_sg1,leave_region_out,0,0,007,3700,280,1.9581112079904415,0.5657046040712105,0.33499392434749836,0.5477786065618675,1.5001622793289124,1.4897087275198269
HistGBM,snv_sg1,leave_region_out,0,0,008,3571,409,2.364318000007188,0.4889998198646802,0.3262876304556069,0.2152145716472742,0.6274044714665443,1.1302020928234042
HistGBM,snv_sg1,leave_region_out,0,0,009,3295,685,1.8093512089981232,0.5050489682950354,0.38805706454418093,0.36953360441909466,4.616626615672098,1.2603357728391555
HistGBM,snv_sg1,leave_region_out,0,0,010,3686,294,1.7770625830016797,0.7264030313348188,0.293982768742108,0.5401234780126098,3.3338461745879027,1.4771317596072886
HistGBM,snv_sg1,leave_region_out,0,0,012,3901,79,1.7722566250013188,0.36759516667698466,0.35965606078609597,0.2737860241940041,0.7958312985925479,1.1809566146445505
HistGBM,snv_sg1,leave_region_out,0,0,013,3875,105,1.8512576250068378,0.3048344696896669,0.3555851951219811,0.4484984198411647,0.8330013297030326,1.353021193375097
HistGBM,snv_sg1,leave_region_out,0,0,014,3735,245,1.9958443750074366,0.4543351709856971,0.3560608302842815,0.5495232020971998,0.532614449778801,1.4929728682471297
HistGBM,snv_sg1,leave_region_out,0,0,015,3589,391,1.8695495410065632,0.5645261156789075,0.35992383709472164,0.5149402819501404,1.767708340759156,1.4376675497474345
HistGBM,snv_sg1,leave_region_out,0,0,016,3868,112,2.0815314170031343,0.6336551833550707,0.34523892353831237,0.2761505907417131,1.1782724884736895,1.180656085042682
MLP,snv_sg1,random,0,0,,3184,796,1.4315069159929408,0.7463970756563293,0.2832688262577413,0.7937990317425493,1.6043605995437955,2.2035738981242825
MLP,snv_sg1,random,1,0,,3184,796,0.9041022500023246,0.7164143508123131,0.2914953019761506,0.5674547461616544,2.07857830959456,1.5214482816036206
MLP,snv_sg1,random,2,0,,3184,796,0.9390667909901822,0.7547235086985836,0.2724604282707124,0.5840628106439169,2.0093007936619007,1.5515261264116371
MLP,snv_sg1,random,3,0,,3184,796,1.0801618749974295,0.6963274001267115,0.29257888960544715,0.6272124780107635,1.1680324074755615,1.6388616246261785
MLP,snv_sg1,random,4,0,,3184,796,1.5412090419995366,0.7422076272180194,0.2768496709652042,-0.12273375045264379,3.9496822548038404,0.9443534700099254
MLP,snv_sg1,random,0,1,,3184,796,1.1537754159944598,0.7293221296413442,0.2925433535749527,0.553588450403648,2.5297590280810316,1.4976325081612591
MLP,snv_sg1,random,1,1,,3184,796,0.5612269999983255,0.6873828299969038,0.30216029020985996,0.7455961801469337,1.0725731541977015,1.9838606149567481
MLP,snv_sg1,random,2,1,,3184,796,0.8455059999978403,0.7423104644145897,0.2825531043131644,0.6941151842373223,2.0169419542151257,1.8092309565057838
MLP,snv_sg1,random,3,1,,3184,796,1.1697817920066882,0.7329912510062015,0.2799304366296923,0.33679153766631365,1.6971463302604815,1.2287058896634506
MLP,snv_sg1,random,4,1,,3184,796,1.315316874999553,0.7237877635149862,0.2810905746718777,0.6093016190521189,2.2714199609390793,1.6008556155777005
MLP,snv_sg1,random,0,2,,3184,796,0.6261962080025114,0.7029986498316093,0.29341078783457514,-0.4038197491799065,3.4485902404993767,0.8445343055838752
MLP,snv_sg1,random,1,2,,3184,796,0.737200166011462,0.7423041216463964,0.2910361015367453,0.6092989320158719,2.1830295885573365,1.600850110647188
MLP,snv_sg1,random,2,2,,3184,796,1.2533862499985844,0.7375121472870525,0.2704559074452052,0.6323466292791013,0.8936925031234456,1.6502650174349194
MLP,snv_sg1,random,3,2,,3184,796,0.9790715000126511,0.7189252180031996,0.2815804602227939,0.7371753463683562,1.3944590502420782,1.9518206980973423
MLP,snv_sg1,random,4,2,,3184,796,1.1200677919987356,0.7545841053504643,0.27966357534977754,0.7216583221968322,2.3231925770441544,1.8966353864980605
MLP,snv_sg1,leave_region_out,0,0,002,3837,143,1.1292319580097683,0.3473743617866234,0.4617568720308857,0.33879579066927556,1.7819873513920381,1.234116167162222
MLP,snv_sg1,leave_region_out,0,0,003,3734,246,1.2966554169979645,0.612851239296784,0.35073944350966785,0.4869238099634803,1.16463586267465,1.398922259919169
MLP,snv_sg1,leave_region_out,0,0,004,3365,615,1.1309792079991894,0.5383606745370932,0.38913800335566284,0.22431934061885606,1.6509834147973264,1.1363494100622051
MLP,snv_sg1,leave_region_out,0,0,006,3604,376,0.9705999159923522,0.40779227412663144,0.35696370742754413,0.6454839413086659,0.38082537797046095,1.6817457250438985
MLP,snv_sg1,leave_region_out,0,0,007,3700,280,1.5204677080037072,0.6069788504392786,0.3186781436128992,0.697634737237516,1.2266725224249995,1.82184307495072
MLP,snv_sg1,leave_region_out,0,0,008,3571,409,2.2168417920038337,0.3639230616295305,0.3640364817384447,-0.06739854094191422,0.7317040294360202,0.969099278084887
MLP,snv_sg1,leave_region_out,0,0,009,3295,685,0.7578039159998298,0.5595462999673424,0.36607039556283905,0.43871803825541333,4.355964402978132,1.3357546424380455
MLP,snv_sg1,leave_region_out,0,0,010,3686,294,0.9793612079956802,0.7006318777732916,0.3075169168381134,0.27048258125343894,4.198969995468943,1.1727947738238322
MLP,snv_sg1,leave_region_out,0,0,012,3901,79,1.2661913750052918,0.42968943641735935,0.34154308820794055,0.26927721189734977,0.7982979969276258,1.1773075215410298
MLP,snv_sg1,leave_region_out,0,0,013,3875,105,0.7551883749983972,-0.03901847766064592,0.4347215719215915,0.39566522075345867,0.8719892046395339,1.2925256955030213
MLP,snv_sg1,leave_region_out,0,0,014,3735,245,0.8433045000128914,0.5722076921545572,0.31526641246411846,0.3869228236414006,0.6213471422695297,1.2797659611850092
MLP,snv_sg1,leave_region_out,0,0,015,3589,391,0.7145770409988472,0.5343692542518288,0.37217772524240866,0.4456008462330401,1.8898367298826872,1.3447600413000103
MLP,snv_sg1,leave_region_out,0,0,016,3868,112,0.6873872079886496,0.6754215068337395,0.32496351082374436,0.5096254913079324,0.9698075667522766,1.4344439361444887
