model,prep,median,mean,sd,n
HistGBM,raw,0.416576936966644,0.4354847892556028,0.15265454169452392,13
HistGBM,sg1,0.5913680882306869,0.5517997273088479,0.1417481374772378,13
HistGBM,snv,0.4166566346979294,0.4194643297588207,0.13986730343659184,13
HistGBM,snv_sg1,0.5645261156789075,0.5231033114895907,0.12894049018103745,13
MLP,raw,0.5068533172293657,0.44158663205687343,0.1875761218170778,13
MLP,sg1,0.6265067430217123,0.5780312158932236,0.1481264889066733,13
MLP,snv,0.4706561207419769,0.478815122538455,0.1122996901616101,13
MLP,snv_sg1,0.5383606745370932,0.48539446550410875,0.19357240857768004,13
PLSR,raw,0.4763082146142006,0.4206632788104216,0.22484265255791128,13
PLSR,sg1,0.4873006096327367,0.3949254921647162,0.29443842240984697,13
PLSR,snv,0.3964673063797194,0.3942242266180619,0.23709314854577448,13
PLSR,snv_sg1,0.4508709241681646,0.39109918979109,0.24648973994394363,13
RandomForest,raw,0.3935131108439942,0.38939842116821716,0.18403094962334846,13
RandomForest,sg1,0.5185839182792312,0.5132883136266551,0.13799768445520091,13
RandomForest,snv,0.3740857280902528,0.4015689119889494,0.12411130199885659,13
RandomForest,snv_sg1,0.4948491380431294,0.4829586057939761,0.11887539143207704,13
Ridge,raw,0.467390606175002,0.40183033660011325,0.23537126089677946,13
Ridge,sg1,0.4973421948005607,0.45802318440541634,0.20149994846695635,13
Ridge,snv,0.4747908798100796,0.44372634532079086,0.21237491513647977,13
Ridge,snv_sg1,0.5239808993104552,0.4614189413671342,0.21488213208521972,13
