region,region_name,condition,model,prep,n_train,n_test,r2_log,rmse_log,r2,rmse,rpd
002,USA,source_only,PLSR,snv_sg1,3837,143,0.4316208582187755,0.43092368795231045,0.18195914015190973,1.982094290350103,1.1095230992482472
002,USA,source_only,Ridge,snv_sg1,3837,143,0.5315244379081403,0.39122335444135575,0.27142916737243294,1.8705645633252217,1.1756768213988378
002,USA,source_only,MLP,snv_sg1,3837,143,0.3473743617866819,0.461756872030865,0.3387957906692626,1.7819873513920554,1.23411616716221
002,USA,mean_only,PLSR,snv_sg1,3837,143,0.4358008637598181,0.42933620237920334,0.19134574574059215,1.97068971521578,1.115944018508618
002,USA,mean_only,Ridge,snv_sg1,3837,143,0.5367400296450551,0.3890394920722589,0.2856263789649669,1.8522496309957988,1.1873018427052882
002,USA,mean_only,MLP,snv_sg1,3837,143,0.23497702100917328,0.49994075547898814,0.20628448874416905,1.952402009770004,1.12639681224799
002,USA,coral,PLSR,snv_sg1,3837,143,0.35350585803404566,0.45958262251206666,0.11882637201675494,2.0571575678128053,1.0690378969704764
002,USA,coral,Ridge,snv_sg1,3837,143,0.37129897433035275,0.4532140725183373,0.20811170457027528,1.9501533984392736,1.1276955965574431
002,USA,coral,MLP,snv_sg1,3837,143,0.2025646710558292,0.5104215925521349,-0.12037314830844736,2.3196270152001133,0.9480745764817623
002,USA,target_only_k10,PLSR,snv_sg1,10,143,-10.717308677264365,1.9565693120615826,-210.0577465739464,31.837390237247032,0.06907536653109994
002,USA,target_only_k10,Ridge,snv_sg1,10,143,0.07653361776327683,0.5492775475929176,0.46414266054150255,1.6042106823787334,1.3708794139000153
002,USA,target_only_k10,MLP,snv_sg1,10,143,-2.42098030211126,1.0571986230060562,-0.5104866582980534,2.693365290422859,0.8165173167751895
002,USA,k10,PLSR,snv_sg1,3847,143,0.4399002784564212,0.4277736017496333,0.1962115756564533,1.964751757637524,1.1193166726955168
002,USA,k10,Ridge,snv_sg1,3847,143,0.539120887202806,0.388038498223044,0.28588895568766315,1.851909191257206,1.1875201065007643
002,USA,k10,MLP,snv_sg1,3847,143,0.6333555415642163,0.3461018053569148,0.704551297155454,1.191181270027968,1.8462172428045873
002,USA,coral_k10,PLSR,snv_sg1,3847,143,0.3571444564844828,0.458287486118118,0.12546368292248067,2.049395304568145,1.0730869711321602
002,USA,coral_k10,Ridge,snv_sg1,3847,143,0.3743260472191089,0.4521216873182061,0.21429488969707455,1.9425249299468679,1.1321241576506582
002,USA,coral_k10,MLP,snv_sg1,3847,143,0.2294208487559306,0.5017529439505993,-0.015453915664698892,2.2083449962396764,0.9958495632594627
002,USA,target_only_k25,PLSR,snv_sg1,25,143,-0.8061220918998322,0.7681655995467714,0.38041423572517385,1.7249937568868592,1.274891222795158
002,USA,target_only_k25,Ridge,snv_sg1,25,143,0.3659164350052512,0.4551500034778134,0.16407051366585845,2.003648956547701,1.0975871760593736
002,USA,target_only_k25,MLP,snv_sg1,25,143,0.4285875235218951,0.43207203799803856,0.6451886813256861,1.3053757635183396,1.6847098448527345
002,USA,k25,PLSR,snv_sg1,3862,143,0.44648611975579344,0.42525121195472,0.2007533254848275,1.9591930485901996,1.122492447395111
002,USA,k25,Ridge,snv_sg1,3862,143,0.5444283110186288,0.38579772804411794,0.29134286886661576,1.8448238012405487,1.1920809990377765
002,USA,k25,MLP,snv_sg1,3862,143,0.7359187082893053,0.29373122724671047,0.7566192075006154,1.081135088451153,2.0341393259024385
002,USA,coral_k25,PLSR,snv_sg1,3862,143,0.36001112618281916,0.45726452945193297,0.12959686923004332,2.0445466982783014,1.0756317778818236
002,USA,coral_k25,Ridge,snv_sg1,3862,143,0.3769690607072469,0.45116573546315497,0.21767739255047502,1.938339082745543,1.1345689820774256
002,USA,coral_k25,MLP,snv_sg1,3862,143,0.4013918499457506,0.4422344945194324,0.251261170469808,1.8962779292048766,1.159734744660364
002,USA,target_only_k50,PLSR,snv_sg1,50,143,0.5537524350152425,0.38182928276352296,-62.60825353060262,17.478072961576853,0.1258250497561199
002,USA,target_only_k50,Ridge,snv_sg1,50,143,0.6633688069992005,0.3316335654576065,0.7310894475405063,1.1364248837529378,1.9351735706181614
002,USA,target_only_k50,MLP,snv_sg1,50,143,0.8051075321307865,0.2523357763791458,0.8002213452955287,0.9795155939327479,2.24517038182293
002,USA,k50,PLSR,snv_sg1,3887,143,0.4591940902018291,0.4203412548847846,0.21466889341458928,1.9420625439874517,1.1323937052594282
002,USA,k50,Ridge,snv_sg1,3887,143,0.5552032717056905,0.3812080772072333,0.30594520396688896,1.8257179776542347,1.2045559209846348
002,USA,k50,MLP,snv_sg1,3887,143,0.7724791756008776,0.2726414472025802,0.6188049464688035,1.3530393912912397,1.6253624352597518
002,USA,coral_k50,PLSR,snv_sg1,3887,143,0.36588780786553765,0.45516027775111084,0.13647722326282719,2.036449809251214,1.0799084711251106
002,USA,coral_k50,Ridge,snv_sg1,3887,143,0.3834298082239892,0.44882037518080387,0.22361240496363,1.930972576794317,1.1388972720070656
002,USA,coral_k50,MLP,snv_sg1,3887,143,0.5584040907933405,0.3798339875513292,0.535826852169116,1.4930584811232959,1.4729358748071
002,USA,target_only_k100,PLSR,snv_sg1,100,143,0.7221882852963151,0.30127048009720786,-0.8781507443155796,3.003322955534204,0.7322487233612649
002,USA,target_only_k100,Ridge,snv_sg1,100,143,0.7136075558045138,0.30588774648386785,0.7365411129757327,1.1248464412168466,1.9550929970960778
002,USA,target_only_k100,MLP,snv_sg1,100,143,0.9028479585938707,0.1781587952934496,0.9212882510274918,0.6148321846869749,3.576877487555656
002,USA,k100,PLSR,snv_sg1,3937,143,0.4837765210575221,0.41067680883028507,0.23968070159403432,1.9108861784669586,1.150868861166724
002,USA,k100,Ridge,snv_sg1,3937,143,0.5758829992596011,0.3722409456180001,0.33348627367544825,1.7891277883091996,1.2291907902843642
002,USA,k100,MLP,snv_sg1,3937,143,0.8538167467680893,0.2185395846585444,0.819835691432816,0.9301889838130549,2.364228601177976
002,USA,coral_k100,PLSR,snv_sg1,3937,143,0.3782761912307462,0.45069220990517866,0.14996477037048228,2.020483345216912,1.0884422310323005
002,USA,coral_k100,Ridge,snv_sg1,3937,143,0.39538980433762505,0.4444460341368719,0.2337726559017581,1.9182960628855317,1.146423350691478
002,USA,coral_k100,MLP,snv_sg1,3937,143,0.7414740558906491,0.29062526646490683,0.7405869136709271,1.1161761862792121,1.9702798062396358
003,Central America,source_only,PLSR,snv_sg1,3734,246,0.5718591457079405,0.3688408443504322,0.6088622041125236,1.0168669230945715,1.6022106688627231
003,Central America,source_only,Ridge,snv_sg1,3734,246,0.6241335851246614,0.3455910069673011,0.6660583463029515,0.9395816477767372,1.7340004850572286
003,Central America,source_only,MLP,snv_sg1,3734,246,0.6128512392967811,0.3507394435096691,0.48692380996347484,1.1646358626746565,1.3989222599191615
003,Central America,mean_only,PLSR,snv_sg1,3734,246,0.5844209999040866,0.3633895789990307,0.6347125195959542,0.9826901944117155,1.6579335402558577
003,Central America,mean_only,Ridge,snv_sg1,3734,246,0.6226884124885423,0.3462547527733995,0.6619873466232341,0.9452914020819468,1.7235267658284434
003,Central America,mean_only,MLP,snv_sg1,3734,246,0.3550279332636702,0.45270586908568805,-3.017656939392012,3.259009705661,0.49991720802969725
003,Central America,coral,PLSR,snv_sg1,3734,246,0.5146739305885593,0.3927014293186109,0.5498003965136351,1.090942303527404,1.4934199798906294
003,Central America,coral,Ridge,snv_sg1,3734,246,0.4937203315232538,0.40108915140311935,0.6264308734261113,0.9937673343547144,1.6394531966113055
003,Central America,coral,MLP,snv_sg1,3734,246,0.41256729440961215,0.43204077166177834,0.07585258336856038,1.5630391481516537,1.0423507529688925
003,Central America,target_only_k10,PLSR,snv_sg1,10,246,-0.26624126957378125,0.6343134260666009,-8.65965851593212,5.0533585705067265,0.3224063779096445
003,Central America,target_only_k10,Ridge,snv_sg1,10,246,0.019564066567919203,0.5581555941872682,-1.1929881554150747,2.4077831543780905,0.6766535557960367
003,Central America,target_only_k10,MLP,snv_sg1,10,246,-0.20777716738006258,0.6194968172477858,-1.5231589864783706,2.5826855755845615,0.6308298030537356
003,Central America,k10,PLSR,snv_sg1,3744,246,0.5753186809323385,0.36734763712576507,0.6080077479923556,1.0179770103493297,1.6004634843734271
003,Central America,k10,Ridge,snv_sg1,3744,246,0.6265688423988232,0.3444696369654802,0.6655057209437795,0.9403587625839427,1.732567502767643
003,Central America,k10,MLP,snv_sg1,3744,246,0.6036578406514265,0.3548794141141821,0.30885326003336955,1.351712595327446,1.2053117198342433
003,Central America,coral_k10,PLSR,snv_sg1,3744,246,0.5162252933566568,0.3920732846082771,0.5510046184163139,1.0894822663579868,1.4954213421408655
003,Central America,coral_k10,Ridge,snv_sg1,3744,246,0.4953757418803839,0.4004328829231491,0.6279370846290555,0.9917619018745965,1.6427683196099838
003,Central America,coral_k10,MLP,snv_sg1,3744,246,0.531474392066817,0.3858445216016294,-0.010018335826402547,1.634044417796304,0.997056760056096
003,Central America,target_only_k25,PLSR,snv_sg1,25,246,-0.4470421880538844,0.6780883272366593,-1.1495326816526856,2.383807901264483,0.6834590287797562
003,Central America,target_only_k25,Ridge,snv_sg1,25,246,0.3684511952043996,0.4479702061655723,0.32794669144384914,1.3329108108359058,1.2223136159980528
003,Central America,target_only_k25,MLP,snv_sg1,25,246,0.33034021672628644,0.4612886626826933,0.2637951930541209,1.3950782023412458,1.1678449496677108
003,Central America,k25,PLSR,snv_sg1,3759,246,0.5780263794592266,0.36617469032585975,0.609139994761805,1.0165057635517563,1.6027799265033666
003,Central America,k25,Ridge,snv_sg1,3759,246,0.6287363273762906,0.34346848948069014,0.6662623313137854,0.9392946367855646,1.7345303264705825
003,Central America,k25,MLP,snv_sg1,3759,246,0.6645087910994101,0.3265022994087814,0.47692822560705905,1.1759256713635704,1.385491509090466
003,Central America,coral_k25,PLSR,snv_sg1,3759,246,0.5189297020468638,0.3909758601197886,0.5502615105003428,1.0903834651498756,1.494185380710804
003,Central America,coral_k25,Ridge,snv_sg1,3759,246,0.49886508312311506,0.3990460384196476,0.6276620035460259,0.9921284588729881,1.642161373786685
003,Central America,coral_k25,MLP,snv_sg1,3759,246,0.517583634847302,0.39152246646392574,-0.28523263411121036,1.8432748642441894,0.8838806759640695
003,Central America,target_only_k50,PLSR,snv_sg1,50,246,0.43163408654272295,0.42497138077981333,-0.2739040198117577,1.8351331595363352,0.88780207830116
003,Central America,target_only_k50,Ridge,snv_sg1,50,246,0.6043234984209618,0.35458127839538933,0.6703702286638369,0.9334959611010812,1.7453048549604973
003,Central America,target_only_k50,MLP,snv_sg1,50,246,0.5879886741975369,0.36182639831688646,0.39199424762868973,1.2678067881064825,1.2850814874000296
003,Central America,k50,PLSR,snv_sg1,3784,246,0.5810191810872198,0.3648738527924205,0.6113458329796688,1.013633354314095,1.6073218447889401
003,Central America,k50,Ridge,snv_sg1,3784,246,0.6331602624834746,0.3414159913690764,0.6692466584291984,0.935085556634835,1.7423379298670671
003,Central America,k50,MLP,snv_sg1,3784,246,0.6566188734501066,0.3303192489767876,0.4995187194299928,1.1502523992058942,1.416415244272054
003,Central America,coral_k50,PLSR,snv_sg1,3784,246,0.5256136605425707,0.38825026348483926,0.5536243564988839,1.0862992340198763,1.4998031683836408
003,Central America,coral_k50,Ridge,snv_sg1,3784,246,0.5050821266338357,0.39656304529121916,0.630414973584376,0.988453884523638,1.6482661037655832
003,Central America,coral_k50,MLP,snv_sg1,3784,246,0.48802846210240947,0.4033374802461388,0.10153793054305704,1.541164874538327,1.0571451892736576
003,Central America,target_only_k100,PLSR,snv_sg1,100,246,0.743217362270945,0.2856462321003859,0.48265187096850204,1.1694742669818425,1.39313457251217
003,Central America,target_only_k100,Ridge,snv_sg1,100,246,0.7596605346963241,0.2763492035142414,0.7816111790528284,0.7598264901323714,2.144219837231391
003,Central America,target_only_k100,MLP,snv_sg1,100,246,0.7699575960810036,0.2703644714972331,0.817865709245243,0.6938971250271514,2.3479489599153225
003,Central America,k100,PLSR,snv_sg1,3834,246,0.5935114820175074,0.35939316487675865,0.6164543144829604,1.0069497062304391,1.61799047451421
003,Central America,k100,Ridge,snv_sg1,3834,246,0.6374225594667998,0.3394267465254685,0.669332696736364,0.9349639276126099,1.742564589797506
003,Central America,k100,MLP,snv_sg1,3834,246,0.8203957371706072,0.23889331227280639,0.7094034624706937,0.8764849157991088,1.8588283764248543
003,Central America,coral_k100,PLSR,snv_sg1,3834,246,0.5317254311839529,0.38574113872914023,0.5555065043632836,1.0840066183573114,1.502975171373633
003,Central America,coral_k100,Ridge,snv_sg1,3834,246,0.5115445911998271,0.39396544699234026,0.6329354025896363,0.9850776792065628,1.6539152874806895
003,Central America,coral_k100,MLP,snv_sg1,3834,246,0.7036498879648898,0.3068656095660269,-0.00630294506249518,1.6310362015985385,0.9988956906038992
004,South America,source_only,PLSR,snv_sg1,3365,615,0.45087092416816255,0.4244137711662208,0.33530346487885787,1.5283152141810612,1.2275569934915036
004,South America,source_only,Ridge,snv_sg1,3365,615,0.5104984908408641,0.4007091550173716,0.45612697717985995,1.3824517664221434,1.3570773859856646
004,South America,source_only,MLP,snv_sg1,3365,615,0.538360674537096,0.3891380033556617,0.22431934061886993,1.6509834147973115,1.1363494100622156
004,South America,mean_only,PLSR,snv_sg1,3365,615,0.4480740210600165,0.4254932409839548,0.3220699648570293,1.5434539150946294,1.2155167129252469
004,South America,mean_only,Ridge,snv_sg1,3365,615,0.5061828920331312,0.4024716676107142,0.44907892834484386,1.3913805266925738,1.3483687556610102
004,South America,mean_only,MLP,snv_sg1,3365,615,0.5582090269145116,0.38068053087659226,-0.1098018407941046,1.9748037781551742,0.9500154142808254
004,South America,coral,PLSR,snv_sg1,3365,615,0.5013571505632534,0.40443342857248726,0.36996925642365075,1.4879286292762317,1.2608763569123669
004,South America,coral,Ridge,snv_sg1,3365,615,0.5254317588843678,0.3945495777374733,0.47382963949456347,1.3597667559983844,1.3797175296067143
004,South America,coral,MLP,snv_sg1,3365,615,0.5433349125772848,0.38703581284596955,0.03427542294763852,1.8421622187983335,1.0184195562599407
004,South America,target_only_k10,PLSR,snv_sg1,10,615,-0.6106698125644372,0.7268679284194322,-0.8254745859730643,2.5327313413272945,0.7407394534172138
004,South America,target_only_k10,Ridge,snv_sg1,10,615,-0.23416588059449595,0.6362664376270254,-0.1855381380624248,2.0410751432311236,0.9191695051743546
004,South America,target_only_k10,MLP,snv_sg1,10,615,-1.832626271672512,0.9639330848772235,-2.1973325550261174,3.3519314924942676,0.5597053620064806
004,South America,k10,PLSR,snv_sg1,3375,615,0.45559420892822533,0.422584550605754,0.3363089638325899,1.5271588211026785,1.2284865224907002
004,South America,k10,Ridge,snv_sg1,3375,615,0.5135942461672907,0.39944004243596387,0.45760637612433686,1.3805702699258626,1.358926865438131
004,South America,k10,MLP,snv_sg1,3375,615,0.5570271313529257,0.3811893960926081,0.45242729757585654,1.387145840058999,1.3524850633929244
004,South America,coral_k10,PLSR,snv_sg1,3375,615,0.5020222388270132,0.4041636225585595,0.36522232736248095,1.4935234653196923,1.25615303206893
004,South America,coral_k10,Ridge,snv_sg1,3375,615,0.526594211193165,0.3940660579457197,0.47294930234173305,1.3609037954483745,1.3785647712219904
004,South America,coral_k10,MLP,snv_sg1,3375,615,0.5551825807925648,0.38198221290840884,0.4620338693698527,1.3749240102020894,1.3645074313246406
004,South America,target_only_k25,PLSR,snv_sg1,25,615,-0.2730637040196975,0.6462154178095246,-0.692551476054232,2.4387774571047505,0.7692764356017437
004,South America,target_only_k25,Ridge,snv_sg1,25,615,-0.03113772988672503,0.5815815042943131,-0.11746830278955178,1.9816129675454572,0.9467509852598853
004,South America,target_only_k25,MLP,snv_sg1,25,615,-0.5475579210456214,0.7124849639905851,-0.40790577223954494,2.2242726604121725,0.8434640513361227
004,South America,k25,PLSR,snv_sg1,3390,615,0.4560705134945915,0.4223996490132258,0.3303135815481223,1.534041026902163,1.2229751333417755
004,South America,k25,Ridge,snv_sg1,3390,615,0.5151449094150461,0.39880282604099376,0.45732934478343834,1.3809227928838477,1.3585799576162323
004,South America,k25,MLP,snv_sg1,3390,615,0.5683303977927957,0.3762945955387779,0.3889368026558737,1.4653598673347152,1.280295763005834
004,South America,coral_k25,PLSR,snv_sg1,3390,615,0.5038305755464256,0.4034291232581975,0.35620884840019496,1.5040896773960275,1.2473285719741367
004,South America,coral_k25,Ridge,snv_sg1,3390,615,0.5279808291812227,0.39348851981313243,0.47241478068697773,1.3615937178879256,1.3778662495135354
004,South America,coral_k25,MLP,snv_sg1,3390,615,0.5609644039716217,0.3794915534330786,0.42253490768472546,1.424505391070741,1.3170143413899231
004,South America,target_only_k50,PLSR,snv_sg1,50,615,0.118334462232633,0.5377794221201877,0.15423753855319788,1.7239530404936065,1.0882512373366382
004,South America,target_only_k50,Ridge,snv_sg1,50,615,0.2688030554716916,0.4897443465123031,0.0406017013718325,1.8361184771438837,1.0217717716918386
004,South America,target_only_k50,MLP,snv_sg1,50,615,0.13361672468956332,0.5330982751681121,-0.0519531418623107,1.922646432943597,0.9757873300475232
004,South America,k50,PLSR,snv_sg1,3415,615,0.47090918468964493,0.41659817068822813,0.354155791743055,1.50648604719238,1.245344444393548
004,South America,k50,Ridge,snv_sg1,3415,615,0.5322771882866955,0.39169364301435267,0.47829402761895456,1.353985873460945,1.3856082742074058
004,South America,k50,MLP,snv_sg1,3415,615,0.6164439489115581,0.3547044742329667,0.22523800685982132,1.65000546591681,1.1370229179119675
004,South America,coral_k50,PLSR,snv_sg1,3415,615,0.5078588968847831,0.40178809693501893,0.36142153368320074,1.4979881014226257,1.2524091664317742
004,South America,coral_k50,Ridge,snv_sg1,3415,615,0.5314214015326715,0.3920518178054427,0.4755014086195757,1.3576048852786682,1.3819146128384263
004,South America,coral_k50,MLP,snv_sg1,3415,615,0.5998748192659777,0.3622848632475761,0.5941000832304286,1.1942925141602054,1.5708831858053185
004,South America,target_only_k100,PLSR,snv_sg1,100,615,0.497372801213544,0.4060460035154726,0.020621581281279777,1.855139163894252,1.011295576062977
004,South America,target_only_k100,Ridge,snv_sg1,100,615,0.5516158553070843,0.3835105989499868,0.4861561476756493,1.3437448459683992,1.3961683537289244
004,South America,target_only_k100,MLP,snv_sg1,100,615,0.598320451766785,0.36298786572212144,-0.2970193719192049,2.134884874717292,0.8787799527952836
004,South America,k100,PLSR,snv_sg1,3465,615,0.48209213831268327,0.41217201281524884,0.3773321539302368,1.4792086878553845,1.2683092283263036
004,South America,k100,Ridge,snv_sg1,3465,615,0.5416331887531709,0.3877562703998281,0.4885035572001222,1.3406719959354427,1.399368402648254
004,South America,k100,MLP,snv_sg1,3465,615,0.6266082130911037,0.34997307051872484,0.6328964267517763,1.1357834468910661,1.6518061031464957
004,South America,coral_k100,PLSR,snv_sg1,3465,615,0.5114954627303356,0.40030088315564655,0.36855380038991825,1.4895991159870519,1.2594623676211516
004,South America,coral_k100,Ridge,snv_sg1,3465,615,0.5348829455115272,0.39060102570921845,0.47714953657265835,1.3554702112399484,1.3840909330727569
004,South America,coral_k100,MLP,snv_sg1,3465,615,0.5658516883295504,0.37737341813846786,0.5433062815814369,1.2668166072578777,1.480951558954044
006,Western Africa,source_only,PLSR,snv_sg1,3604,376,0.3301218064260374,0.37965135075086176,0.5803415011451677,0.4143391177650883,1.5457180457510091
006,Western Africa,source_only,Ridge,snv_sg1,3604,376,0.3422985188937996,0.37618496929932516,0.5136908869450245,0.44603006081602575,1.4358930207939884
006,Western Africa,source_only,MLP,snv_sg1,3604,376,0.40779227412660357,0.3569637074275525,0.6454839413086634,0.38082537797046234,1.6817457250438923
006,Western Africa,mean_only,PLSR,snv_sg1,3604,376,-0.012379391515168425,0.4667224344199413,0.0954346501100024,0.6083141230245694,1.0528301532860878
006,Western Africa,mean_only,Ridge,snv_sg1,3604,376,0.008869182431913147,0.46179850128811106,-0.11034129117753122,0.6739631801520719,0.9502766178495674
006,Western Africa,mean_only,MLP,snv_sg1,3604,376,0.08024134989150566,0.44486062698400997,-0.02876657202961619,0.6487335337515291,0.9872334603799722
006,Western Africa,coral,PLSR,snv_sg1,3604,376,-0.06533856753998046,0.47877432645129936,-2.7712784785373015,1.2420876022791554,0.5156250253322391
006,Western Africa,coral,Ridge,snv_sg1,3604,376,-0.06329487921995725,0.4783148785169591,-2.1531007728841165,1.1357345852868934,0.5639094377215498
006,Western Africa,coral,MLP,snv_sg1,3604,376,-0.11453739476149694,0.4897047892034363,-4.631612788244084,1.5178341463321867,0.42195087845248874
006,Western Africa,target_only_k10,PLSR,snv_sg1,10,376,-1.9529356990885267,0.7971022301762418,-4141.717932779623,41.16713159922046,0.015557349431704809
006,Western Africa,target_only_k10,Ridge,snv_sg1,10,376,-0.7704638138953801,0.6172065929240175,-151.88688746978576,7.908480446747271,0.0809828709450075
006,Western Africa,target_only_k10,MLP,snv_sg1,10,376,-2.560704838220666,0.8752961464520581,-4.822928193228435,1.5434005222032232,0.4149612768536564
006,Western Africa,k10,PLSR,snv_sg1,3614,376,0.3344636096775244,0.3784189989975948,0.5845640512461538,0.41224933410628734,1.553553634667428
006,Western Africa,k10,Ridge,snv_sg1,3614,376,0.3495464768620802,0.3741064227237418,0.5203966607144219,0.44294420550216107,1.4458964434673587
006,Western Africa,k10,MLP,snv_sg1,3614,376,0.4606703853417634,0.34065452580258504,0.7026223899184123,0.348788421103162,1.8362176398069754
006,Western Africa,coral_k10,PLSR,snv_sg1,3614,376,-0.06135640029521139,0.4778786748314992,-2.6995982828676093,1.2302268749635197,0.5205962123116853
006,Western Africa,coral_k10,Ridge,snv_sg1,3614,376,-0.05957464795843048,0.47747738686951613,-2.1091121648591336,1.127784497755697,0.5678846026564071
006,Western Africa,coral_k10,MLP,snv_sg1,3614,376,-0.15788945980012126,0.49913793669029555,-4.144691503199092,1.4507333486613105,0.44146738060515206
006,Western Africa,target_only_k25,PLSR,snv_sg1,25,376,-2.669865540856896,0.8886118601605385,-5398498055.31633,46994.2150860461,1.3628304041622724e-05
006,Western Africa,target_only_k25,Ridge,snv_sg1,25,376,-0.022183934955598117,0.4689770113619421,-78.7259416893192,5.710942064348031,0.11214462415723427
006,Western Africa,target_only_k25,MLP,snv_sg1,25,376,-1.4842987794160978,0.7311204676662475,-9.801741178364672,2.102106954601324,0.30467120142871834
006,Western Africa,k25,PLSR,snv_sg1,3629,376,0.34181016768793093,0.3763246043005602,0.5916549836059484,0.4087159209923405,1.5669843490194058
006,Western Africa,k25,Ridge,snv_sg1,3629,376,0.35633258612254304,0.37214980068906356,0.533439921573542,0.4368795470304109,1.4659680356825406
006,Western Africa,k25,MLP,snv_sg1,3629,376,0.506118240718086,0.3259856797829453,0.7141128171333915,0.34198359087899216,1.8727549171114106
006,Western Africa,coral_k25,PLSR,snv_sg1,3629,376,-0.05462309547184385,0.4763604184005577,-2.674977052913198,1.2261263942936311,0.5223372193688175
006,Western Africa,coral_k25,Ridge,snv_sg1,3629,376,-0.05419656478269541,0.4762640792978557,-2.0840986679538003,1.1232386980981262,0.5701828582601948
006,Western Africa,coral_k25,MLP,snv_sg1,3629,376,-0.19598230478986078,0.5072819459665547,-8.43351143160216,1.9644664476261675,0.3260180147968227
006,Western Africa,target_only_k50,PLSR,snv_sg1,50,376,0.1360583756134831,0.43115083195018106,-5.492127554442169,1.6296766672425114,0.3929929563719674
006,Western Africa,target_only_k50,Ridge,snv_sg1,50,376,0.3803399430748944,0.36514367348589444,-0.3476183892894438,0.7424913352966492,0.8625709431803249
006,Western Africa,target_only_k50,MLP,snv_sg1,50,376,-0.15531232336004264,0.49858215689910307,-1.5634266259680496,1.0240434193248693,0.6254143518761011
006,Western Africa,k50,PLSR,snv_sg1,3654,376,0.3541052901654529,0.3727931235543716,0.6005834458865671,0.40422293944413984,1.5844015489837249
006,Western Africa,k50,Ridge,snv_sg1,3654,376,0.3698878888249585,0.3682103082816632,0.5468598695697007,0.43055058955599695,1.4875173020910546
006,Western Africa,k50,MLP,snv_sg1,3654,376,0.584780477814242,0.298899997425255,0.6822325943729863,0.36054759228015704,1.7763298524329023
006,Western Africa,coral_k50,PLSR,snv_sg1,3654,376,-0.04087202498453357,0.4732446329115201,-2.6328136237541195,1.2190723592913033,0.5253596691851583
006,Western Africa,coral_k50,Ridge,snv_sg1,3654,376,-0.03919516172399984,0.47286327651550597,-2.06570274751352,1.119883760937228,0.5718910066648857
006,Western Africa,coral_k50,MLP,snv_sg1,3654,376,0.17784779460358335,0.42059406704719127,-3.330878386311925,1.331054750990903,0.4811608620255972
006,Western Africa,target_only_k100,PLSR,snv_sg1,100,376,0.49302308119328386,0.3302791231529891,0.4720793690028082,0.4647209409455668,1.3781420094539407
006,Western Africa,target_only_k100,Ridge,snv_sg1,100,376,0.5753114826127876,0.30228896145086787,0.6720471503481047,0.3662803580508161,1.7485279713011423
006,Western Africa,target_only_k100,MLP,snv_sg1,100,376,0.5468960028663152,0.3122381577098474,0.30769100785938674,0.5321792190225874,1.2034506957380213
006,Western Africa,k100,PLSR,snv_sg1,3704,376,0.3669160077779172,0.36907760632261866,0.6076064850015348,0.4006534033666491,1.5985174367880124
006,Western Africa,k100,Ridge,snv_sg1,3704,376,0.3827112134408669,0.36444435109246803,0.5607745039455769,0.42388856067737446,1.510895812726362
006,Western Africa,k100,MLP,snv_sg1,3704,376,0.7244867497827087,0.2434771862641153,0.7663860716904017,0.3091414871054478,2.0717098095979343
006,Western Africa,coral_k100,PLSR,snv_sg1,3704,376,-0.02005502877330856,0.4684883867544967,-2.5194270162772776,1.1998968337616622,0.5337554307750292
006,Western Africa,coral_k100,Ridge,snv_sg1,3704,376,-0.018049679210366376,0.4680276541727639,-1.9442592363383864,1.0974783171533447,0.5835663824787554
006,Western Africa,coral_k100,MLP,snv_sg1,3704,376,0.3466677526396902,0.3749333536600396,-1.4336642332545448,0.9977879512350276,0.641871302010934
007,Eastern Africa,source_only,PLSR,snv_sg1,3700,280,-0.27075118214768157,0.5730263315559853,0.5069940891403177,1.566349787112264,1.4267597560902552
007,Eastern Africa,source_only,Ridge,snv_sg1,3700,280,-0.15183111732773424,0.5455552272615687,0.556603192723688,1.4854531876639547,1.5044599579248967
007,Eastern Africa,source_only,MLP,snv_sg1,3700,280,0.6069788504392768,0.3186781436129,0.6976347372375133,1.2266725224250048,1.8218430749507122
007,Eastern Africa,mean_only,PLSR,snv_sg1,3700,280,-0.1633693593045582,0.5482809144280387,0.5698575362319467,1.4630826101690038,1.527463196322298
007,Eastern Africa,mean_only,Ridge,snv_sg1,3700,280,-0.11464404778893056,0.5366763018168952,0.5791821766579794,1.4471373482506509,1.5442935274345766
007,Eastern Africa,mean_only,MLP,snv_sg1,3700,280,0.5115712220159494,0.35525887815354706,0.5877853983123142,1.432268283900938,1.5603255795943367
007,Eastern Africa,coral,PLSR,snv_sg1,3700,280,0.10654955704945246,0.48048468783688025,0.40679022842136925,1.7181727915594585,1.300686899007375
007,Eastern Africa,coral,Ridge,snv_sg1,3700,280,0.13493561209729243,0.4727902749054227,0.47999336289879435,1.6086706293206863,1.3892246178175307
007,Eastern Africa,coral,MLP,snv_sg1,3700,280,0.18162556997479717,0.4598543971084683,-0.7734234426289799,2.9707691941639323,0.7522647146747667
007,Eastern Africa,target_only_k10,PLSR,snv_sg1,10,280,-1.2009369790791404,0.754133305658705,-251295841.03397316,35363.5080729713,6.319522473847559e-05
007,Eastern Africa,target_only_k10,Ridge,snv_sg1,10,280,-1.6033579815307082,0.8201839441507179,-113116.23589664193,750.2864122322793,0.0029786023094343994
007,Eastern Africa,target_only_k10,MLP,snv_sg1,10,280,-2.4777016687193014,0.9479610202093967,-2276231.7648243317,3365.6660694438456,0.0006640007636234702
007,Eastern Africa,k10,PLSR,snv_sg1,3710,280,-0.21846650190487438,0.5611140131798575,0.510178248390706,1.5612833301761002,1.4313896760559464
007,Eastern Africa,k10,Ridge,snv_sg1,3710,280,-0.093235007729503,0.5314973248510046,0.5589416666748381,1.4815308705555417,1.5084429792369525
007,Eastern Africa,k10,MLP,snv_sg1,3710,280,0.5946274033893455,0.3236469444731639,0.7073758102949219,1.2067513721837946,1.851918209272974
007,Eastern Africa,coral_k10,PLSR,snv_sg1,3710,280,0.11278217417221037,0.47880584932312265,0.4059424720415298,1.7194000740343331,1.2997584878362012
007,Eastern Africa,coral_k10,Ridge,snv_sg1,3710,280,0.14113585544312923,0.4710928947190983,0.47900324021580265,1.6102014019109063,1.3879039215592301
007,Eastern Africa,coral_k10,MLP,snv_sg1,3710,280,0.35582326367875916,0.407987480169944,-0.14987132057307018,2.392143950478958,0.9342267382215278
007,Eastern Africa,target_only_k25,PLSR,snv_sg1,25,280,0.15694809455426262,0.4667361881323767,-1.2112652555781889,3.3172874854694427,0.6736844032967678
007,Eastern Africa,target_only_k25,Ridge,snv_sg1,25,280,0.29123966256922107,0.4279509757562177,0.2313741435947092,1.9557808266336623,1.142666299709522
007,Eastern Africa,target_only_k25,MLP,snv_sg1,25,280,0.027622363561567886,0.5012585561689956,-0.19266228188055545,2.4362476414720087,0.917314316561851
007,Eastern Africa,k25,PLSR,snv_sg1,3725,280,-0.14711972376911153,0.544438327779769,0.51293553272108,1.556882772827261,1.43543552489438
007,Eastern Africa,k25,Ridge,snv_sg1,3725,280,-0.01437529675797955,0.5119689822279738,0.5612316731486452,1.477679758012221,1.5123742665451294
007,Eastern Africa,k25,MLP,snv_sg1,3725,280,0.6931064175235748,0.2816036121708216,0.6699536745865566,1.2815930399887983,1.743771049374496
007,Eastern Africa,coral_k25,PLSR,snv_sg1,3725,280,0.12030465964062753,0.4767716942507414,0.409258599830728,1.7145943696930521,1.3034014806734688
007,Eastern Africa,coral_k25,Ridge,snv_sg1,3725,280,0.14907435867477437,0.46891067861194974,0.48138891465540024,1.6065105690321801,1.3910925226957231
007,Eastern Africa,coral_k25,MLP,snv_sg1,3725,280,0.45953002459652104,0.37370602881976134,0.2231251534021259,1.9662476626891126,1.1365835965729343
007,Eastern Africa,target_only_k50,PLSR,snv_sg1,50,280,0.4294361298780539,0.38396925529458636,-0.5405954573456031,2.7688982431340867,0.8071097757939869
007,Eastern Africa,target_only_k50,Ridge,snv_sg1,50,280,0.4948652865092473,0.3612833316639868,0.44727327348191814,1.6585093404402467,1.3474779946787
007,Eastern Africa,target_only_k50,MLP,snv_sg1,50,280,0.4139798100636246,0.3891352803691887,-1.064515898371174,3.2053230385011697,0.6972167277271768
007,Eastern Africa,k50,PLSR,snv_sg1,3750,280,-0.07422126773908433,0.5268551031667679,0.5182018805223247,1.5484430586275164,1.4432592969825877
007,Eastern Africa,k50,Ridge,snv_sg1,3750,280,0.0616498792255622,0.49240989887614595,0.5641039243523951,1.4728352467364594,1.5173488312180514
007,Eastern Africa,k50,MLP,snv_sg1,3750,280,0.717603161987481,0.27013087953425924,0.7352890942024201,1.1477534485520895,1.947112285335811
007,Eastern Africa,coral_k50,PLSR,snv_sg1,3750,280,0.13246378333690367,0.4734652668356904,0.408014805808083,1.716398442397445,1.302031500967088
007,Eastern Africa,coral_k50,Ridge,snv_sg1,3750,280,0.1592046205391402,0.46611113288427264,0.4829161048616306,1.6041434232555096,1.3931452810353573
007,Eastern Africa,coral_k50,MLP,snv_sg1,3750,280,0.48698734162340707,0.36408967101491446,0.6140799457350561,1.3858344810960779,1.6126058852603924
007,Eastern Africa,target_only_k100,PLSR,snv_sg1,100,280,0.6896145241071007,0.2832011504185705,0.6262623581172202,1.3637856292361734,1.6386775108225642
007,Eastern Africa,target_only_k100,Ridge,snv_sg1,100,280,0.679840728932628,0.28762548173792285,0.6039245024530412,1.4039501173219278,1.5917978941269415
007,Eastern Africa,target_only_k100,MLP,snv_sg1,100,280,0.6684236714416508,0.2927090006931085,0.5829730782865288,1.4406043951169556,1.5512966972663471
007,Eastern Africa,k100,PLSR,snv_sg1,3800,280,0.024578332654724866,0.5020425387386136,0.52643003881536,1.5351639478845094,1.4557434359319918
007,Eastern Africa,k100,Ridge,snv_sg1,3800,280,0.16318524482614516,0.46500645593086987,0.5692688804412016,1.4640833920796603,1.526419090812774
007,Eastern Africa,k100,MLP,snv_sg1,3800,280,0.742195536902551,0.25810090871610186,0.7695984556542939,1.0707926516095194,2.0870565714596183
007,Eastern Africa,coral_k100,PLSR,snv_sg1,3800,280,0.1545517408342868,0.4673990603226528,0.43399848523375406,1.6783073093026566,1.3315826176916834
007,Eastern Africa,coral_k100,Ridge,snv_sg1,3800,280,0.18023702094139893,0.460244352936474,0.4967465903062527,1.58254494230657,1.4121588464685708
007,Eastern Africa,coral_k100,MLP,snv_sg1,3800,280,0.6009995642796386,0.3210931219743507,0.34114557225309394,1.8107455380858544,1.2341904443264498
008,Southern Africa,source_only,PLSR,snv_sg1,3571,409,0.5129904419813563,0.3185362227116423,0.3748163088055365,0.5599844461284014,1.2662741824362365
008,Southern Africa,source_only,Ridge,snv_sg1,3571,409,0.5150384907356897,0.3178657378930753,0.42789614222259753,0.5356851193566337,1.3237139152752333
008,Southern Africa,source_only,MLP,snv_sg1,3571,409,0.3639230616295026,0.3640364817384527,-0.06739854094192266,0.7317040294360231,0.9690992780848833
008,Southern Africa,mean_only,PLSR,snv_sg1,3571,409,0.4676654562891931,0.33302927187687936,0.32674701308001264,0.5811139334250198,1.220232050742496
008,Southern Africa,mean_only,Ridge,snv_sg1,3571,409,0.4863258669979875,0.32714021268907995,0.3875374173176692,0.5542579421106735,1.2793571238653703
008,Southern Africa,mean_only,MLP,snv_sg1,3571,409,0.43838248030241966,0.34206639209423373,-0.18750284827863095,0.7717728103235061,0.9187857322947376
008,Southern Africa,coral,PLSR,snv_sg1,3571,409,0.3260321530490051,0.37472241511051263,-1.698792243601046,1.163474504461146,0.6094622993278751
008,Southern Africa,coral,Ridge,snv_sg1,3571,409,0.358679441030864,0.3655339038116989,-1.5034734176824784,1.12058198541808,0.6327906890576087
008,Southern Africa,coral,MLP,snv_sg1,3571,409,-0.011962103853802919,0.45916862815759835,-1.9280394135166108,1.2118827491032156,0.5851175348629845
008,Southern Africa,target_only_k10,PLSR,snv_sg1,10,409,-0.4856080594145329,0.5563424603616602,-5.437999258695538,1.7969980483030203,0.39459911899619304
008,Southern Africa,target_only_k10,Ridge,snv_sg1,10,409,0.08266769908130478,0.4371730951824843,-0.15073060277677852,0.7597294746751877,0.9333504495154856
008,Southern Africa,target_only_k10,MLP,snv_sg1,10,409,-1.3231667501142566,0.6957132506370091,-15.662017038548903,2.89091905281635,0.24528318978957464
008,Southern Africa,k10,PLSR,snv_sg1,3581,409,0.5138322406198015,0.31826080785969824,0.3753408301217467,0.5597494868545253,1.266805711038621
008,Southern Africa,k10,Ridge,snv_sg1,3581,409,0.5158247439955456,0.31760796037036954,0.4293912907984394,0.534984675889505,1.325447024289543
008,Southern Africa,k10,MLP,snv_sg1,3581,409,0.4248240787855476,0.3461708000396671,0.09207526129161347,0.6748341766570797,1.050767538494986
008,Southern Africa,coral_k10,PLSR,snv_sg1,3581,409,0.32936174459254863,0.3737956517848417,-1.6706520802610423,1.1573928662675919,0.6126647807887093
008,Southern Africa,coral_k10,Ridge,snv_sg1,3581,409,0.36210591376066636,0.36455610153661866,-1.4641898701009697,1.1117553504507807,0.6378146472699553
008,Southern Africa,coral_k10,MLP,snv_sg1,3581,409,0.07964455106471913,0.4378928735392212,-4.251621241158171,1.6230012054063325,0.43690284661293416
008,Southern Africa,target_only_k25,PLSR,snv_sg1,25,409,0.16208205896907346,0.4178215425494657,-0.5406511755568089,0.8790717102575396,0.8066393656218428
008,Southern Africa,target_only_k25,Ridge,snv_sg1,25,409,0.2730453763281897,0.3891739254741075,-0.1412378343391678,0.7565893517586283,0.937224195727869
008,Southern Africa,target_only_k25,MLP,snv_sg1,25,409,-0.2731460065794704,0.5150260420372111,-99.90983601139388,7.114410077087226,0.099670083536788
008,Southern Africa,k25,PLSR,snv_sg1,3596,409,0.5154084840968245,0.31774445955358166,0.37799152618534515,0.5585605960142825,1.2695020947738291
008,Southern Africa,k25,Ridge,snv_sg1,3596,409,0.518923312084612,0.3165900340442088,0.43400956222746967,0.5328153048713478,1.330843615442815
008,Southern Africa,k25,MLP,snv_sg1,3596,409,0.4614220453000659,0.33497652254544913,-0.6796697691417977,0.9178761749839933,0.7725375884286526
008,Southern Africa,coral_k25,PLSR,snv_sg1,3596,409,0.3344481664178858,0.3723754366932555,-1.6016762583847748,1.1423489087549978,0.6207331589006937
008,Southern Africa,coral_k25,Ridge,snv_sg1,3596,409,0.36744787235397636,0.36302642917054195,-1.4072367954183993,1.0988326386928784,0.6453156028762999
008,Southern Africa,coral_k25,MLP,snv_sg1,3596,409,0.1641242405353628,0.4173120726224078,-2.6613271388043485,1.3551626131121841,0.5232536965211786
008,Southern Africa,target_only_k50,PLSR,snv_sg1,50,409,0.1831975942444659,0.41252339904060076,-10604.370840164951,72.93484659726842,0.009722291603816267
008,Southern Africa,target_only_k50,Ridge,snv_sg1,50,409,0.4824914732988881,0.3283589349329234,0.3583931916150296,0.567291956901273,1.2499628067557025
008,Southern Africa,target_only_k50,MLP,snv_sg1,50,409,0.3443029301440844,0.3696082911514996,0.23073557267216116,0.6211692796908198,1.141546869560571
008,Southern Africa,k50,PLSR,snv_sg1,3621,409,0.5197728282605476,0.3163103830048364,0.3787935741854189,0.5582003622419092,1.270321366059859
008,Southern Africa,k50,Ridge,snv_sg1,3621,409,0.5243993411449219,0.31478302692637233,0.4356302578597022,0.5320519081422905,1.3327531315019963
008,Southern Africa,k50,MLP,snv_sg1,3621,409,0.5713055616244946,0.29885739599915306,0.12162867741769257,0.6637602160063516,1.0682982040783606
008,Southern Africa,coral_k50,PLSR,snv_sg1,3621,409,0.3424351730797379,0.370134332534891,-1.5253263864323867,1.125462172184279,0.6300468058575902
008,Southern Africa,coral_k50,Ridge,snv_sg1,3621,409,0.37419477368838294,0.3610851901626094,-1.346934809565031,1.0849823103728626,0.6535533712568683
008,Southern Africa,coral_k50,MLP,snv_sg1,3621,409,0.20535410961147393,0.4068898948763042,-1.9190953131724928,1.2100304019339183,0.5860132485637951
008,Southern Africa,target_only_k100,PLSR,snv_sg1,100,409,0.3628982537809071,0.3643296202538515,-602.4291999549073,17.397438309845786,0.04075852054017346
008,Southern Africa,target_only_k100,Ridge,snv_sg1,100,409,0.5443886155370912,0.30809692732470706,0.26584775681754214,0.6068274378765708,1.1685263428093053
008,Southern Africa,target_only_k100,MLP,snv_sg1,100,409,0.5148433250738698,0.31792969166647617,0.4247258708355117,0.5371672986618894,1.3200614565790554
008,Southern Africa,k100,PLSR,snv_sg1,3671,409,0.5226532760900323,0.3153603264878899,0.3790716241830844,0.5580754239166904,1.2706057574112128
008,Southern Africa,k100,Ridge,snv_sg1,3671,409,0.5297501623843657,0.3130072597785136,0.43893456211187787,0.5304920776699881,1.3366718873780576
008,Southern Africa,k100,MLP,snv_sg1,3671,409,0.5615627876335781,0.3022343259181518,0.18972587655349593,0.6375116552119963,1.1122837377184112
008,Southern Africa,coral_k100,PLSR,snv_sg1,3671,409,0.348253817150885,0.3684930757295881,-1.4819283894400739,1.1157496714403214,0.6355313067517024
008,Southern Africa,coral_k100,Ridge,snv_sg1,3671,409,0.38028277261043886,0.35932453149584387,-1.2946079087051272,1.0728188292876462,0.6609632748234759
008,Southern Africa,coral_k100,MLP,snv_sg1,3671,409,0.32891327440195794,0.3739206134834407,-3.4970009920254377,1.50187447364264,0.47213922277966214
009,OECD Europe,source_only,PLSR,snv_sg1,3295,685,0.5221405972035411,0.38129801572283756,-0.13522581765135322,6.194908684991039,0.9392389733959937
009,OECD Europe,source_only,Ridge,snv_sg1,3295,685,0.5441920725972211,0.3723963488340649,-0.156763961299212,6.253399208229929,0.9304538987236476
009,OECD Europe,source_only,MLP,snv_sg1,3295,685,0.5595462999673695,0.3660703955628278,0.4387180382544239,4.355964402981971,1.3357546424368683
009,OECD Europe,mean_only,PLSR,snv_sg1,3295,685,0.4531375062764871,0.40789985081260866,0.426684801334265,4.4024102095849535,1.3216623159979133
009,OECD Europe,mean_only,Ridge,snv_sg1,3295,685,0.47459766627174327,0.3998162817562923,0.2917119627451338,4.893264962961881,1.189083304831093
009,OECD Europe,mean_only,MLP,snv_sg1,3295,685,0.42146842781913874,0.41954447820829827,0.5883324223840461,3.7305005757503613,1.5597101663501451
009,OECD Europe,coral,PLSR,snv_sg1,3295,685,0.36192465177862,0.44060605415475146,0.22998100076272976,5.102047527252369,1.1404244359727427
009,OECD Europe,coral,Ridge,snv_sg1,3295,685,0.36284441227028696,0.44028838149571864,0.17756259206705305,5.27284745478205,1.1034834069201065
009,OECD Europe,coral,MLP,snv_sg1,3295,685,0.21626904787477852,0.48831265175673666,0.45667508986029404,4.285717967777621,1.3576487574123126
009,OECD Europe,target_only_k10,PLSR,snv_sg1,10,685,-0.18350543929825092,0.6000668099334464,0.128220442834998,5.4287159675613035,1.0718003499060762
009,OECD Europe,target_only_k10,Ridge,snv_sg1,10,685,-0.20605032738665763,0.6057552581703356,0.09636923728967695,5.526997690349795,1.0527414700628661
009,OECD Europe,target_only_k10,MLP,snv_sg1,10,685,-0.4336921527541937,0.6604537817479754,-0.08074551907613947,6.04443207048341,0.9626214019322361
009,OECD Europe,k10,PLSR,snv_sg1,3305,685,0.5229202089316622,0.38098685123964565,-0.03752102104219235,5.9223249345253075,0.9824688340980533
009,OECD Europe,k10,Ridge,snv_sg1,3305,685,0.5451818550094458,0.3719918016005105,-0.10087969801484253,6.100475829516016,0.9537780062042344
009,OECD Europe,k10,MLP,snv_sg1,3305,685,0.5453249638531672,0.371933273257393,0.5517967635884671,3.892523771774418,1.4947884752211877
009,OECD Europe,coral_k10,PLSR,snv_sg1,3305,685,0.36304790563243916,0.44021806670945596,0.2301164730445333,5.10159869649334,1.1405247687499098
009,OECD Europe,coral_k10,Ridge,snv_sg1,3305,685,0.3644518428613689,0.4397326460033756,0.17879441967516008,5.268897200979741,1.1043107222685935
009,OECD Europe,coral_k10,MLP,snv_sg1,3305,685,0.17571027440929177,0.5007885844418742,0.45110492907179844,4.307630515079291,1.3507425145226986
009,OECD Europe,target_only_k25,PLSR,snv_sg1,25,685,-1.2099052137821293,0.8199763008297426,-427.52983187411894,120.36059046892034,0.04834223271009433
009,OECD Europe,target_only_k25,Ridge,snv_sg1,25,685,0.10991786751127663,0.5203906905990473,0.04622217839579845,5.678287649457329,1.024692659613498
009,OECD Europe,target_only_k25,MLP,snv_sg1,25,685,-0.2384529509552462,0.6138386546677446,0.3650476965593812,4.6330216635361845,1.2558757752779208
009,OECD Europe,k25,PLSR,snv_sg1,3320,685,0.5248657394904281,0.38020922578234806,-0.0009260571071840751,5.816942583621879,1.0002676818498113
009,OECD Europe,k25,Ridge,snv_sg1,3320,685,0.5461772065913475,0.3715845339590166,-0.08958701304256755,6.0691062202943655,0.9587078331429661
009,OECD Europe,k25,MLP,snv_sg1,3320,685,0.576387246715897,0.3590037544643943,0.07595057085998635,5.5890935765246255,1.0410453133244784
009,OECD Europe,coral_k25,PLSR,snv_sg1,3320,685,0.3638462962934289,0.4399420834745057,0.23037750543129498,5.100733763464672,1.1407181678936904
009,OECD Europe,coral_k25,Ridge,snv_sg1,3320,685,0.3653049236552587,0.4394374256992909,0.17830614138823597,5.270463377496761,1.1039825641168652
009,OECD Europe,coral_k25,MLP,snv_sg1,3320,685,0.16113184330734787,0.5051976616111323,0.18565838356652564,5.246831222646982,1.1089549914352923
009,OECD Europe,target_only_k50,PLSR,snv_sg1,50,685,0.13286591150041638,0.5136385448183576,0.3303756380806553,4.757835278164146,1.2229300371697671
009,OECD Europe,target_only_k50,Ridge,snv_sg1,50,685,0.19233912635190786,0.49571150594013574,0.2022571535391564,5.193082698032557,1.1204327009422161
009,OECD Europe,target_only_k50,MLP,snv_sg1,50,685,-0.10261028866640176,0.5791959248131552,0.18763766070838428,5.240451067939825,1.1103051241465616
009,OECD Europe,k50,PLSR,snv_sg1,3345,685,0.5268798895421217,0.37940249408811094,-0.07263573541670199,6.021711022629192,0.9662535534680047
009,OECD Europe,k50,Ridge,snv_sg1,3345,685,0.5468754305184145,0.3712985753356148,-0.10104125343180748,6.100923439169706,0.9537080298724036
009,OECD Europe,k50,MLP,snv_sg1,3345,685,0.6182385877523646,0.340808557804396,0.5598634214697797,3.8573363592434706,1.508424241933124
009,OECD Europe,coral_k50,PLSR,snv_sg1,3345,685,0.36833164486675773,0.438388383329381,0.23252611969198578,5.093608731904629,1.142313824995589
009,OECD Europe,coral_k50,Ridge,snv_sg1,3345,685,0.36884670307167233,0.4382096173845941,0.179347699127675,5.267121967218855,1.104682919777761
009,OECD Europe,coral_k50,MLP,snv_sg1,3345,685,0.2640085682136224,0.4732066688035781,0.41529029785813576,4.445943399744221,1.3087210408273873
009,OECD Europe,target_only_k100,PLSR,snv_sg1,100,685,0.41970855221441794,0.4201821144874181,-1.3732162055311,8.956997067652884,0.6496038381642124
009,OECD Europe,target_only_k100,Ridge,snv_sg1,100,685,0.4895881251991624,0.3940713503576275,0.6171847671788324,3.597397137602748,1.6174193315365428
009,OECD Europe,target_only_k100,MLP,snv_sg1,100,685,0.16176452487283388,0.5050071134693322,-0.5463708505178915,7.23020492562906,0.8047489294456855
009,OECD Europe,k100,PLSR,snv_sg1,3395,685,0.5321064869011302,0.37730102869092313,-0.37270718628632604,6.8121269533515445,0.854138467092165
009,OECD Europe,k100,Ridge,snv_sg1,3395,685,0.5532018616972291,0.3686974675738392,-0.11852407520326502,6.1491692615715765,0.9462253234652128
009,OECD Europe,k100,MLP,snv_sg1,3395,685,0.5982491930506099,0.34961725293488477,0.3262539575716429,4.7724555594759055,1.219183625926079
009,OECD Europe,coral_k100,PLSR,snv_sg1,3395,685,0.3767677244982127,0.43545115346988006,0.25752902664363764,5.0099514731330475,1.1613884295638144
009,OECD Europe,coral_k100,Ridge,snv_sg1,3395,685,0.37718790713744643,0.43530433833216786,0.19783670209616921,5.207450772400943,1.117341272703042
009,OECD Europe,coral_k100,MLP,snv_sg1,3395,685,0.37396401831980375,0.43642952633449916,0.7096408289705632,3.133008356982201,1.8571605979300503
010,Eastern Europe,source_only,PLSR,snv_sg1,3686,294,0.7007446088332006,0.3074590115877403,0.2956148578265947,4.126007676364519,1.1935339079320684
010,Eastern Europe,source_only,Ridge,snv_sg1,3686,294,0.7197263921766203,0.29754820670406407,0.20199407300993788,4.3916527889316415,1.121338662869805
010,Eastern Europe,source_only,MLP,snv_sg1,3686,294,0.7006318777732985,0.3075169168381099,0.27048258125342806,4.198969995468974,1.1727947738238236
010,Eastern Europe,mean_only,PLSR,snv_sg1,3686,294,0.6782933070904307,0.3187838293705173,0.2595820517448547,4.230224412389118,1.164129744915309
010,Eastern Europe,mean_only,Ridge,snv_sg1,3686,294,0.6952998937325107,0.3102433905256574,0.1765458549965615,4.461127629850418,1.103875628479649
010,Eastern Europe,mean_only,MLP,snv_sg1,3686,294,0.653195742200692,0.3309851015324456,0.37517875866022954,3.886000310509329,1.2672490150891444
010,Eastern Europe,coral,PLSR,snv_sg1,3686,294,0.41503360510393905,0.4298646119830671,0.18426192434437938,4.44017722964958,1.109084122418623
010,Eastern Europe,coral,Ridge,snv_sg1,3686,294,0.41919197229507743,0.42833399156490287,0.13691013155910758,4.567230682555177,1.0782310788326517
010,Eastern Europe,coral,MLP,snv_sg1,3686,294,0.2922674543964795,0.4728254220158921,-0.27480383612415205,5.550685475564705,0.887193138182281
010,Eastern Europe,target_only_k10,PLSR,snv_sg1,10,294,-0.23675104961490767,0.6250393777643316,-0.0917464775041017,5.136719346829743,0.9586916733475727
010,Eastern Europe,target_only_k10,Ridge,snv_sg1,10,294,0.13231642315632985,0.5235364500412778,-0.008258327089690987,4.9364057218545625,0.9975942707316521
010,Eastern Europe,target_only_k10,MLP,snv_sg1,10,294,0.21214744332463964,0.4988715179515551,0.16509270136573484,4.492044677845307,1.0962780691867917
010,Eastern Europe,k10,PLSR,snv_sg1,3696,294,0.7008982463942638,0.3073800768074259,0.2956741832996055,4.125833920207139,1.193584172646925
010,Eastern Europe,k10,Ridge,snv_sg1,3696,294,0.7195745303366747,0.2976288066922167,0.20195243523805861,4.3917673596670275,1.1213094098186527
010,Eastern Europe,k10,MLP,snv_sg1,3696,294,0.7087825987219536,0.30330173606960403,0.3400416315074828,3.993771453387053,1.2330525478498882
010,Eastern Europe,coral_k10,PLSR,snv_sg1,3696,294,0.41671562900843395,0.42924614648600457,0.18373459783963086,4.441612154004064,1.1087258174241188
010,Eastern Europe,coral_k10,Ridge,snv_sg1,3696,294,0.42113422917346777,0.42761720453990343,0.13680413245331557,4.567511132785633,1.0781648742530126
010,Eastern Europe,coral_k10,MLP,snv_sg1,3696,294,0.3978342952572045,0.4361383175026922,0.6070293957732995,3.081803688430799,1.5979376248448007
010,Eastern Europe,target_only_k25,PLSR,snv_sg1,25,294,0.1561570463752071,0.5162939658204132,-147.15638685471785,59.83911025223527,0.08229617795737701
010,Eastern Europe,target_only_k25,Ridge,snv_sg1,25,294,0.5348395948455205,0.3833254067719815,0.2273444494281659,4.32133467725159,1.1395854368912488
010,Eastern Europe,target_only_k25,MLP,snv_sg1,25,294,0.10184486935669068,0.5326499771213441,0.22319437730656855,4.332924468802464,1.1365372513613423
010,Eastern Europe,k25,PLSR,snv_sg1,3711,294,0.7026347230007952,0.30648650920845816,0.2964452680866706,4.12357485281309,1.194238068158156
010,Eastern Europe,k25,Ridge,snv_sg1,3711,294,0.7204939916120314,0.29714047221753487,0.20190783682818758,4.391890073596014,1.1212780792796404
010,Eastern Europe,k25,MLP,snv_sg1,3711,294,0.7383167552361662,0.2875108199745363,0.4412148322676298,3.6749156328545003,1.3400389445958287
010,Eastern Europe,coral_k25,PLSR,snv_sg1,3711,294,0.42159368071258785,0.4274474688316528,0.18393849998246614,4.441057364594666,1.108864322579746
010,Eastern Europe,coral_k25,Ridge,snv_sg1,3711,294,0.4250418607421631,0.42617144621315545,0.1366983091703603,4.567791100651601,1.0780987916515197
010,Eastern Europe,coral_k25,MLP,snv_sg1,3711,294,0.4254846679367257,0.42600730545405746,0.6425239224085493,2.9393305619565235,1.6753917132924012
010,Eastern Europe,target_only_k50,PLSR,snv_sg1,50,294,0.761779061189275,0.27431919715286995,-1.3876471146906795,7.5964381879913985,0.6482682994661699
010,Eastern Europe,target_only_k50,Ridge,snv_sg1,50,294,0.7386829231305037,0.287309595617412,0.40129082524965975,3.803933315799931,1.294588957612543
010,Eastern Europe,target_only_k50,MLP,snv_sg1,50,294,0.6283330575010648,0.3426440562502952,0.42784024890126615,3.7186353223057935,1.3242842170055897
010,Eastern Europe,k50,PLSR,snv_sg1,3736,294,0.7043185873682961,0.3056175200887878,0.2977674812881389,4.119698246690395,1.1953618375047814
010,Eastern Europe,k50,Ridge,snv_sg1,3736,294,0.7220285843816227,0.2963236432065211,0.20274981774608092,4.389572757607022,1.1218700174396168
010,Eastern Europe,k50,MLP,snv_sg1,3736,294,0.7636152930697614,0.2732599114195088,0.32699743617022314,4.033047134265763,1.2210445110569215
010,Eastern Europe,coral_k50,PLSR,snv_sg1,3736,294,0.4259161791019448,0.4258472910654155,0.18483751975456086,4.438610429771626,1.1094756217166895
010,Eastern Europe,coral_k50,Ridge,snv_sg1,3736,294,0.42927215916029704,0.42460075728261354,0.1363888318432651,4.568609760645304,1.0779056045779405
010,Eastern Europe,coral_k50,MLP,snv_sg1,3736,294,0.36247639891976813,0.4487602369116637,-0.007346031946243281,4.934171930169258,0.9980459002692533
010,Eastern Europe,target_only_k100,PLSR,snv_sg1,100,294,0.8130108918397354,0.24303811619027008,0.38660557331038425,3.8503024984087375,1.2789982262859292
010,Eastern Europe,target_only_k100,Ridge,snv_sg1,100,294,0.8126747784763548,0.24325644891474363,0.38353231783320396,3.85993592368508,1.2758061697116487
010,Eastern Europe,target_only_k100,MLP,snv_sg1,100,294,0.802240846371533,0.24993929040977014,0.5497061257810643,3.2989289167079585,1.4927663464308
010,Eastern Europe,k100,PLSR,snv_sg1,3786,294,0.7087012397359163,0.303344100637025,0.30616984625075605,4.094977533790064,1.2025780423686987
010,Eastern Europe,k100,Ridge,snv_sg1,3786,294,0.7263202337188462,0.29402724882393144,0.20995600882562693,4.369689473318433,1.1269748333831298
010,Eastern Europe,k100,MLP,snv_sg1,3786,294,0.7735943428750145,0.2674298447803601,0.347529598379281,3.97104991403326,1.2401078235572667
010,Eastern Europe,coral_k100,PLSR,snv_sg1,3786,294,0.4346288575912707,0.4226034653126611,0.18986968870163323,4.424888984122519,1.112916071747644
010,Eastern Europe,coral_k100,Ridge,snv_sg1,3786,294,0.4373241821571351,0.4215949116125131,0.14167489746264106,4.554606329347676,1.0812196949707313
010,Eastern Europe,coral_k100,MLP,snv_sg1,3786,294,0.5567533486183518,0.37418723403022053,0.6149332009873055,3.0506541558741183,1.6142538008271894
012,Middle East,source_only,PLSR,snv_sg1,3901,79,0.07327899781504266,0.43537581031830175,-2.8329019194829383,1.8283215026757127,0.5140464818898597
012,Middle East,source_only,Ridge,snv_sg1,3901,79,0.2943991421593385,0.3799000433233383,0.35820254952254915,0.7481483244900369,1.2562244750794034
012,Middle East,source_only,MLP,snv_sg1,3901,79,0.42968943641734747,0.3415430882079441,0.26927721189737897,0.7982979969276099,1.1773075215410531
012,Middle East,mean_only,PLSR,snv_sg1,3901,79,0.05036759607527941,0.44072486737359423,-5.946318354517956,2.461308523188946,0.38184657768801106
012,Middle East,mean_only,Ridge,snv_sg1,3901,79,0.35918246583087354,0.36204035849395255,0.38839444411581514,0.7303388861904837,1.286857723154161
012,Middle East,mean_only,MLP,snv_sg1,3901,79,0.10633819930539368,0.4275396430280043,-0.17725132913763675,1.0132656229625194,0.9275378685661739
012,Middle East,coral,PLSR,snv_sg1,3901,79,-0.040597519659775205,0.46135070246338566,-2.1053350294372093,1.6456707309026846,0.5710998066414591
012,Middle East,coral,Ridge,snv_sg1,3901,79,-0.017535008503103855,0.45620965590088275,-1.793956436920905,1.5609842784510795,0.6020830889767901
012,Middle East,coral,MLP,snv_sg1,3901,79,-0.9171802020637723,0.6262118199419171,-28.903406391409494,5.10680230086636,0.18403732528564679
012,Middle East,target_only_k10,PLSR,snv_sg1,10,79,-1.79627878868751,0.7562754926855503,-1.581483094891917,1.500456318038363,0.6263709412365593
012,Middle East,target_only_k10,Ridge,snv_sg1,10,79,0.27584558538043435,0.384862311848181,0.04517810623790164,0.9125357722813559,1.0299237188964212
012,Middle East,target_only_k10,MLP,snv_sg1,10,79,-3.0844179326866827,0.9140182771241403,-1265.3963991260307,33.23330607461477,0.028280130604638503
012,Middle East,k10,PLSR,snv_sg1,3911,79,0.06428168571604664,0.4374841849503314,-3.1140812625630288,1.8941970100932843,0.4961692111253765
012,Middle East,k10,Ridge,snv_sg1,3911,79,0.30786180598618185,0.37625839684576995,0.3568209484060759,0.7489531632093971,1.2548745133629466
012,Middle East,k10,MLP,snv_sg1,3911,79,0.3643477593890986,0.36057829772153366,0.2725873999540377,0.7964877920193671,1.179983228407321
012,Middle East,coral_k10,PLSR,snv_sg1,3911,79,-0.033853719825133854,0.4598533348872819,-2.086716517990343,1.6407298784890536,0.5728196021392208
012,Middle East,coral_k10,Ridge,snv_sg1,3911,79,-0.010441983352467599,0.4546168038195279,-1.7848958814975897,1.558451155627209,0.6030617211328552
012,Middle East,coral_k10,MLP,snv_sg1,3911,79,-0.5985413765699943,0.571809984007888,-59.61007527459388,7.2704472125628765,0.12926883432838124
012,Middle East,target_only_k25,PLSR,snv_sg1,25,79,-3.45223982525052,0.9542871328849695,-4961935730.513111,65783.09178191963,1.4286987898497432e-05
012,Middle East,target_only_k25,Ridge,snv_sg1,25,79,0.43397021092587384,0.3402588555706883,0.09261888988540601,0.8895770719200294,1.0565045636636203
012,Middle East,target_only_k25,MLP,snv_sg1,25,79,-0.32628833357359777,0.5208453218486987,-57.871021409857185,7.1653844898604575,0.13116424352998463
012,Middle East,k25,PLSR,snv_sg1,3926,79,0.061991505057289786,0.43801923139620846,-2.9981885132221535,1.8673268737658768,0.5033089007703468
012,Middle East,k25,Ridge,snv_sg1,3926,79,0.34146801171644103,0.3670102815400866,0.35898659963406554,0.747691198151693,1.256992510460655
012,Middle East,k25,MLP,snv_sg1,3926,79,0.47958547673457985,0.32626049968941734,0.30545755908298267,0.778284010923043,1.2075826086923989
012,Middle East,coral_k25,PLSR,snv_sg1,3926,79,-0.030226066876035018,0.4590458443258661,-2.0799927269829155,1.63894190427799,0.5734445093879422
012,Middle East,coral_k25,Ridge,snv_sg1,3926,79,-0.005912193874570537,0.4535966405611959,-1.7790905694820243,1.5568259575126862,0.6036912679151376
012,Middle East,coral_k25,MLP,snv_sg1,3926,79,-0.13680082443419428,0.48220530387340493,-19.115592871445706,4.188467331556226,0.22438810233356485
012,Middle East,target_only_k50,PLSR,snv_sg1,50,79,0.24248798010711048,0.39362670720905163,-17.737296061812675,4.042426882866759,0.23249455424844342
012,Middle East,target_only_k50,Ridge,snv_sg1,50,79,0.5589927290532357,0.30033964833609583,0.3248495405408731,0.7673420493977893,1.224802207765912
012,Middle East,target_only_k50,MLP,snv_sg1,50,79,0.3790920042594925,0.3563718727334422,0.6343384909354142,0.5647137177073357,1.6642808678876602
012,Middle East,k50,PLSR,snv_sg1,3951,79,0.09255226020237861,0.43082471030431646,-2.461337540609498,1.737443498176233,0.5409339855946793
012,Middle East,k50,Ridge,snv_sg1,3951,79,0.37590903254103425,0.35728414282089355,0.37327212796250386,0.7393127882902204,1.2712376291874619
012,Middle East,k50,MLP,snv_sg1,3951,79,0.6284672249432712,0.275669271610269,0.2037296523840253,0.8333337776904312,1.1278100820763401
012,Middle East,coral_k50,PLSR,snv_sg1,3951,79,-0.018824201701028276,0.45649856793218346,-1.9914496762822376,1.6152121192328577,0.5818692325441492
012,Middle East,coral_k50,Ridge,snv_sg1,3951,79,0.006551663188378742,0.4507777137032086,-1.652624820428501,1.5209909443612861,0.617914419345016
012,Middle East,coral_k50,MLP,snv_sg1,3951,79,0.2603047015713862,0.3889701032502715,-2.734256099796762,1.8046407650289098,0.5207918686237678
012,Middle East,target_only_k100,PLSR,snv_sg1,79,79,0.9242515843434879,0.12447340496896003,0.8426341607358502,0.37046223714954307,2.5369447732256964
012,Middle East,target_only_k100,Ridge,snv_sg1,79,79,0.86353880024184,0.16706842778138434,0.699164452387822,0.5122161766665208,1.834854655177979
012,Middle East,target_only_k100,MLP,snv_sg1,79,79,0.9895668820133251,0.04619520007506859,0.9946643063728406,0.06821567112645673,13.777512127261383
012,Middle East,k100,PLSR,snv_sg1,3980,79,0.4830001154429433,0.32518837819048146,0.3934786356978095,0.7272969486084375,1.2922400375971115
012,Middle East,k100,Ridge,snv_sg1,3980,79,0.5102060015801584,0.3165166224092491,0.3993939650192392,0.7237416392683246,1.298588039185056
012,Middle East,k100,MLP,snv_sg1,3980,79,0.8155304724536707,0.19424601179765624,0.6211413379467683,0.57481398325627,1.6350371834900557
012,Middle East,coral_k100,PLSR,snv_sg1,3980,79,-0.001865017914051137,0.45268322303115965,-1.9406815450744053,1.6014475224182578,0.5868704550460871
012,Middle East,coral_k100,Ridge,snv_sg1,3980,79,0.019339435949136452,0.447867087531756,-1.6255100131374762,1.5131972848090305,0.6210969618100011
012,Middle East,coral_k100,MLP,snv_sg1,3980,79,0.7930061810612097,0.20576356775853724,0.7873601417372902,0.43063671204749565,2.182448012259519
013,South Asia,source_only,PLSR,snv_sg1,3875,105,0.3576408586146299,0.3418129483767933,0.9068789849066936,0.342291539607522,3.2927149017184534
013,South Asia,source_only,Ridge,snv_sg1,3875,105,0.42558368332352514,0.32323095090511084,0.921416852052922,0.314439447984035,3.5843735906032514
013,South Asia,source_only,MLP,snv_sg1,3875,105,-0.03901847766060529,0.434721571921583,0.3956652207533893,0.8719892046395841,1.292525695502947
013,South Asia,mean_only,PLSR,snv_sg1,3875,105,0.10120814902130248,0.4043236256819868,0.7153679290591453,0.598431203413862,1.8833718007488052
013,South Asia,mean_only,Ridge,snv_sg1,3875,105,0.1768493060816514,0.38693608240665645,0.8530625618054278,0.4299703872003306,2.621269944975814
013,South Asia,mean_only,MLP,snv_sg1,3875,105,-0.2594936755134776,0.4786273938393307,0.5538506474389625,0.7492253230285395,1.5043117451529433
013,South Asia,coral,PLSR,snv_sg1,3875,105,-0.13032651233031856,0.45342087750759974,-18.55577248612157,4.960321228009467,0.2272168275783467
013,South Asia,coral,Ridge,snv_sg1,3875,105,-0.10388998263482785,0.4480871112784405,-7.1718030701449536,3.206500117600269,0.3514949046817229
013,South Asia,coral,MLP,snv_sg1,3875,105,-0.3141515613375754,0.4889025288194605,-0.532457455201877,1.3885660006114884,0.8116779848430022
013,South Asia,target_only_k10,PLSR,snv_sg1,10,105,0.02812152329578077,0.42044146249641595,0.2382916301843644,0.9789639018015569,1.151287040435026
013,South Asia,target_only_k10,Ridge,snv_sg1,10,105,-0.04743557164886569,0.43647886098436295,0.03348383448391434,1.1027495144449255,1.0220530033650983
013,South Asia,target_only_k10,MLP,snv_sg1,10,105,-3.4687519926253607,0.9015559466888473,-430.8769152774565,23.31053866809307,0.04835016767504156
013,South Asia,k10,PLSR,snv_sg1,3885,105,0.35862599521079375,0.3415507417489004,0.9066824109037077,0.342652629670339,3.289245012601175
013,South Asia,k10,Ridge,snv_sg1,3885,105,0.4287683160634316,0.32233369002669954,0.9212260628621979,0.3148209246786265,3.5800303119888452
013,South Asia,k10,MLP,snv_sg1,3885,105,0.24729412255954364,0.3700089332789442,0.528314047851537,0.7703689768311656,1.463024196319433
013,South Asia,coral_k10,PLSR,snv_sg1,3885,105,-0.12541129473693413,0.45243395454193824,-18.408946677039154,4.941664962468321,0.22807463916673104
013,South Asia,coral_k10,Ridge,snv_sg1,3885,105,-0.0994493195128896,0.44718493393594566,-7.113161614351069,3.194974363415629,0.35276290980718
013,South Asia,coral_k10,MLP,snv_sg1,3885,105,-0.1795529190304641,0.4631890359939346,0.15404701442275803,1.0316809891680774,1.0924582938246061
013,South Asia,target_only_k25,PLSR,snv_sg1,25,105,-0.22147328713898018,0.4713478633931496,0.03829191873013371,1.100003195627433,1.0246047081299332
013,South Asia,target_only_k25,Ridge,snv_sg1,25,105,0.5870185177077318,0.2740721112607549,0.5984442483078747,0.710796432752845,1.5856416848250265
013,South Asia,target_only_k25,MLP,snv_sg1,25,105,0.07952688615954706,0.40917124899772833,-0.010239807060064665,1.1274169314736162,0.9996909055859922
013,South Asia,k25,PLSR,snv_sg1,3900,105,0.36873943973226075,0.3388471866457757,0.9051073408161865,0.3455322774333449,3.261832618271842
013,South Asia,k25,Ridge,snv_sg1,3900,105,0.4388954578118057,0.31946364910873276,0.9218449804272496,0.31358173032697556,3.5941776710736035
013,South Asia,k25,MLP,snv_sg1,3900,105,0.4748256011827737,0.3090660697264421,0.6184080065973381,0.692902201153562,1.6265909551470126
013,South Asia,coral_k25,PLSR,snv_sg1,3900,105,-0.11936808349237626,0.451217583996479,-18.351711764122857,4.934373361599144,0.22841166863639534
013,South Asia,coral_k25,Ridge,snv_sg1,3900,105,-0.09313347382178372,0.4458986450459477,-7.120750090745053,3.196468190488066,0.35259805073353434
013,South Asia,coral_k25,MLP,snv_sg1,3900,105,0.022540360447120933,0.4216469594310343,-0.08542698344206068,1.1686181335701007,0.9644454598309822
013,South Asia,target_only_k50,PLSR,snv_sg1,50,105,0.6275015668685244,0.2602925757840409,0.37589977311381173,0.8861341715010619,1.2718936809407189
013,South Asia,target_only_k50,Ridge,snv_sg1,50,105,0.7188358655086633,0.226141108372049,0.8134235114681003,0.48450779845944825,2.326213234919008
013,South Asia,target_only_k50,MLP,snv_sg1,50,105,0.5732161278705399,0.2786143979095601,0.1516753090183831,1.0331261822418558,1.0909301037673171
013,South Asia,k50,PLSR,snv_sg1,3925,105,0.38564252211906236,0.3342797974589595,0.9037239162978526,0.34804189291908805,3.238312617325806
013,South Asia,k50,Ridge,snv_sg1,3925,105,0.45164123147537794,0.3158144172908017,0.9225206761569626,0.31222323923525513,3.6098160276551745
013,South Asia,k50,MLP,snv_sg1,3925,105,0.6447512756202823,0.2541943068598979,0.5141958697328898,0.7818130502307933,1.441608646549359
013,South Asia,coral_k50,PLSR,snv_sg1,3925,105,-0.10819299738075228,0.4489595941119173,-18.593015132256696,4.965042279502912,0.22700077657962647
013,South Asia,coral_k50,Ridge,snv_sg1,3925,105,-0.08277158175314092,0.44378026009327415,-7.061055766864637,3.184698159684839,0.35390118519407054
013,South Asia,coral_k50,MLP,snv_sg1,3925,105,0.3007539805481416,0.35662727680881406,-0.07239981428115216,1.1615841547481807,0.9702856642721479
013,South Asia,target_only_k100,PLSR,snv_sg1,100,105,0.7804088386318675,0.1998513028196877,0.930757339028603,0.2951611465988701,3.818485143403879
013,South Asia,target_only_k100,Ridge,snv_sg1,100,105,0.7704619852049572,0.20432752128274273,0.9306369606889683,0.2954176039547956,3.815170247505976
013,South Asia,target_only_k100,MLP,snv_sg1,100,105,0.9513371661447876,0.0940802047860194,0.6581803305973241,0.6557991342576875,1.7186183913975301
013,South Asia,k100,PLSR,snv_sg1,3975,105,0.3979838353539775,0.33090523072088995,0.8979909409403545,0.3582545253061438,3.145999208899627
013,South Asia,k100,Ridge,snv_sg1,3975,105,0.4667585437504814,0.3114307623258478,0.9238524540184412,0.30952823410438673,3.6412460286829345
013,South Asia,k100,MLP,snv_sg1,3975,105,0.7375959324794437,0.2184664931145616,0.4716691271335821,0.8153147677701167,1.3823721803547955
013,South Asia,coral_k100,PLSR,snv_sg1,3975,105,-0.08625004760067068,0.4444925232826086,-18.165096189518174,4.910523748783482,0.22952102685116968
013,South Asia,coral_k100,Ridge,snv_sg1,3975,105,-0.06038643235819796,0.43916896004611533,-6.834735318896658,3.139673437404083,0.3589763316689753
013,South Asia,coral_k100,MLP,snv_sg1,3975,105,0.8320371269199182,0.1747858228238282,0.9089667769653378,0.33843266491247426,3.3302590738081483
014,East Asia,source_only,PLSR,snv_sg1,3735,245,0.4925830274317061,0.34335526724409104,0.6288856043568223,0.483426698233751,1.6448800317843244
014,East Asia,source_only,Ridge,snv_sg1,3735,245,0.5845860320238733,0.3106717521520393,0.6408497687144072,0.47557038945694036,1.6720530554144633
014,East Asia,source_only,MLP,snv_sg1,3735,245,0.572207692154556,0.3152664124641189,0.38692282364133224,0.6213471422695642,1.2797659611849381
014,East Asia,mean_only,PLSR,snv_sg1,3735,245,0.4076816987949269,0.370970004162213,0.6881422682921507,0.44315432159823753,1.7943612055689944
014,East Asia,mean_only,Ridge,snv_sg1,3735,245,0.4971135176559488,0.34181900063383763,0.5372932648299942,0.5397959745769155,1.4731101382876621
014,East Asia,mean_only,MLP,snv_sg1,3735,245,0.41173658019313,0.36969803380497723,0.09195160459517382,0.7561905202390639,1.0515589675796697
014,East Asia,coral,PLSR,snv_sg1,3735,245,0.3841571236563689,0.378265018618417,-2.744854522368966,1.5356569393268418,0.5178102624305475
014,East Asia,coral,Ridge,snv_sg1,3735,245,0.407285686322311,0.37109399509870716,-5.133182586351115,1.9652584756881646,0.40461798414464517
014,East Asia,coral,MLP,snv_sg1,3735,245,0.1386920557357043,0.4473427937063123,-8.124322731270125,2.397049762438453,0.33173233831708593
014,East Asia,target_only_k10,PLSR,snv_sg1,10,245,0.10477826567088377,0.4560647728148466,0.07182304893412628,0.764525755854185,1.040094354790821
014,East Asia,target_only_k10,Ridge,snv_sg1,10,245,0.251491298003374,0.4170226522243716,0.28722311565560665,0.6699671895840202,1.186892336100588
014,East Asia,target_only_k10,MLP,snv_sg1,10,245,-1.1901246602900648,0.713338454979674,-2.1617731663845468,1.4110489686706287,0.563537439459152
014,East Asia,k10,PLSR,snv_sg1,3745,245,0.4935200871959773,0.3430380793060745,0.6296649065059724,0.4829188582608238,1.6466097961464332
014,East Asia,k10,Ridge,snv_sg1,3745,245,0.5851101255492448,0.3104757158445642,0.6426069178431317,0.47440559456536635,1.676158400881925
014,East Asia,k10,MLP,snv_sg1,3745,245,0.4320806025280376,0.3632491195910022,0.5356622301552423,0.5407465242201156,1.470520636083532
014,East Asia,coral_k10,PLSR,snv_sg1,3745,245,0.3863920744079298,0.3775780153850116,-2.7185634950316566,1.5302568483042227,0.5196375521124528
014,East Asia,coral_k10,Ridge,snv_sg1,3745,245,0.4093277881568391,0.37045417118426743,-5.082377931213584,1.9571018697703646,0.40630430895731817
014,East Asia,coral_k10,MLP,snv_sg1,3745,245,0.1912632958681061,0.4334757394003582,-1.8208048604023417,1.3327946864347657,0.596625219810286
014,East Asia,target_only_k25,PLSR,snv_sg1,25,245,0.3745422363032852,0.38120642607669497,0.31304281420658964,0.6577207848664393,1.208991628442451
014,East Asia,target_only_k25,Ridge,snv_sg1,25,245,0.4907247587079696,0.3439834126261168,0.6073300002328822,0.49726809102555075,1.599095009527296
014,East Asia,target_only_k25,MLP,snv_sg1,25,245,0.07591070925540777,0.46335962402195235,-0.7896838062838294,1.0616097175237007,0.7490313150212576
014,East Asia,k25,PLSR,snv_sg1,3760,245,0.49319436978218967,0.3431483655336349,0.6319416211649287,0.4814321459805206,1.6516946975707296
014,East Asia,k25,Ridge,snv_sg1,3760,245,0.5849330172504716,0.31054197675158707,0.6439341718468248,0.4735238729614002,1.6792794791593184
014,East Asia,k25,MLP,snv_sg1,3760,245,0.6078009228139101,0.3018662105440523,0.6919894893216278,0.4404123606259597,1.805532709449691
014,East Asia,coral_k25,PLSR,snv_sg1,3760,245,0.38809703136519247,0.3770530856701753,-2.6894663173917537,1.5242580801754615,0.5216826028992335
014,East Asia,coral_k25,Ridge,snv_sg1,3760,245,0.41097752151494993,0.3699364746337825,-5.010290550694621,1.9454696704991563,0.40873365173156434
014,East Asia,coral_k25,MLP,snv_sg1,3760,245,0.16500428061747774,0.4404568248125937,-3.2496916111604,1.6358950518821906,0.4860818680521251
014,East Asia,target_only_k50,PLSR,snv_sg1,50,245,0.6135750538759746,0.2996358660692537,0.17020065570960452,0.7228751154111466,1.1000225430416883
014,East Asia,target_only_k50,Ridge,snv_sg1,50,245,0.6626738775972196,0.2799536964544446,0.6882378723204148,0.4430863890419124,1.7946363111616725
014,East Asia,target_only_k50,MLP,snv_sg1,50,245,0.5566672180999074,0.32094169518915,0.4160863869486765,0.6063886043183014,1.3113355315277715
014,East Asia,k50,PLSR,snv_sg1,3785,245,0.5004993142861236,0.34066637052523785,0.6307335324870007,0.48222160803159037,1.6489906497595834
014,East Asia,k50,Ridge,snv_sg1,3785,245,0.5890732903473394,0.30898927440823354,0.643722760941823,0.4736644273862344,1.678781172451695
014,East Asia,k50,MLP,snv_sg1,3785,245,0.5135445317625358,0.3361884307537015,0.4179957930360414,0.6053963426571379,1.313484847407589
014,East Asia,coral_k50,PLSR,snv_sg1,3785,245,0.3944008249939658,0.37510586668001666,-2.624429478787995,1.510763758333667,0.52634233404777
014,East Asia,coral_k50,Ridge,snv_sg1,3785,245,0.41766210713157603,0.367831352896223,-4.92230391095488,1.9311769804286716,0.41175869990932373
014,East Asia,coral_k50,MLP,snv_sg1,3785,245,0.3504942807248759,0.3884657274236295,-2.583297539401812,1.5021668257076015,0.5293546023968085
014,East Asia,target_only_k100,PLSR,snv_sg1,100,245,0.7358442796242642,0.24773720248764575,0.5688633220044532,0.5210557784365187,1.5260917461507464
014,East Asia,target_only_k100,Ridge,snv_sg1,100,245,0.6884123408131313,0.2690613664430811,0.7612819815838205,0.3877210064125702,2.0509049280398832
014,East Asia,target_only_k100,MLP,snv_sg1,100,245,0.6678223697286934,0.27780906348929896,0.7111296799238778,0.42650899256074215,1.8643895829297814
014,East Asia,k100,PLSR,snv_sg1,3835,245,0.5050343396372556,0.33911636936199957,0.6352723837920706,0.47924882314312195,1.6592193540319924
014,East Asia,k100,Ridge,snv_sg1,3835,245,0.5931291129543481,0.3074606401326929,0.6474806135005485,0.47115980547979364,1.687705346482969
014,East Asia,k100,MLP,snv_sg1,3835,245,0.7018271589060188,0.2632056822650489,0.7935078695368136,0.3606022926247619,2.2051410626597883
014,East Asia,coral_k100,PLSR,snv_sg1,3835,245,0.40137593268509864,0.37293943270772884,-2.5509731040057684,1.4953760559603244,0.5317584961900855
014,East Asia,coral_k100,Ridge,snv_sg1,3835,245,0.4249438933474524,0.36552436305858493,-4.765562569522192,1.9054500817920277,0.41731816034155966
014,East Asia,coral_k100,MLP,snv_sg1,3835,245,0.5473048603101464,0.3243128338084601,-3.7897004018746108,1.736724398143113,0.4578613184719003
015,South East Asia,source_only,PLSR,snv_sg1,3589,391,0.4358936425973283,0.40964725555977105,0.4433633805386533,1.893646428255476,1.3420546100934827
015,South East Asia,source_only,Ridge,snv_sg1,3589,391,0.523980899310456,0.3763065193093156,0.4076537848821522,1.9534433223043517,1.3009729485928567
015,South East Asia,source_only,MLP,snv_sg1,3589,391,0.5343692542518008,0.3721777252424198,0.4456008462329868,1.889836729882778,1.3447600412999456
015,South East Asia,mean_only,PLSR,snv_sg1,3589,391,0.31913932077491214,0.45004783766848205,0.3433178663426524,2.05679309865507,1.2356016366396387
015,South East Asia,mean_only,Ridge,snv_sg1,3589,391,0.4061996761165393,0.42029068777957884,0.3437199809553567,2.0561632709433537,1.2359801163850925
015,South East Asia,mean_only,MLP,snv_sg1,3589,391,-0.029109320727109367,0.5532995390075411,0.2361244617133641,2.218320575873512,1.1456310447495157
015,South East Asia,coral,PLSR,snv_sg1,3589,391,0.3869316991353041,0.42705516928146414,0.2772227967127153,2.15782007528485,1.177752004458405
015,South East Asia,coral,Ridge,snv_sg1,3589,391,0.40432408559937927,0.42095393407460513,0.24740387397886754,2.201881767525773,1.1541840967160704
015,South East Asia,coral,MLP,snv_sg1,3589,391,0.30368276189399157,0.4551275507274758,0.15457186615916962,2.333734003544362,1.0889745425432371
015,South East Asia,target_only_k10,PLSR,snv_sg1,10,391,-4.002224455247701,1.219863228331616,-5348.843377019531,185.64512103944315,0.013689435546153482
015,South East Asia,target_only_k10,Ridge,snv_sg1,10,391,-0.6337063256631932,0.6971344552039219,-1.3525668974433613,3.892996354465913,0.652807423262017
015,South East Asia,target_only_k10,MLP,snv_sg1,10,391,-2.2412589946951407,0.9819433199646442,-224.06438413413906,38.07732171269444,0.06674253347183448
015,South East Asia,k10,PLSR,snv_sg1,3599,391,0.4343883057873883,0.41019347015231866,0.44457984490044056,1.8915761249129908,1.3435234699022318
015,South East Asia,k10,Ridge,snv_sg1,3599,391,0.5237728241716751,0.37638875495537893,0.40899950580894484,1.951223096832843,1.302453278178386
015,South East Asia,k10,MLP,snv_sg1,3599,391,0.4288529865597309,0.4121957481231707,0.11191421676422664,2.3918859347958064,1.0624992111692293
015,South East Asia,coral_k10,PLSR,snv_sg1,3599,391,0.3877291329971867,0.4267773380312872,0.2773330782295734,2.157655448655848,1.1778418655816976
015,South East Asia,coral_k10,Ridge,snv_sg1,3599,391,0.4051505649537398,0.42066180332938496,0.2482260537001073,2.2006787070951455,1.1548150626139735
015,South East Asia,coral_k10,MLP,snv_sg1,3599,391,0.38673169753360725,0.42712482281999087,0.5707085249397946,1.6629880875020338,1.5281991122045309
015,South East Asia,target_only_k25,PLSR,snv_sg1,25,391,-0.59417134961142,0.6886476224297058,-10.320901172926945,8.539914166993945,0.29758811028213
015,South East Asia,target_only_k25,Ridge,snv_sg1,25,391,-0.09146725420611834,0.569816351839239,0.19332480782024508,2.2796194654464514,1.1148250650814668
015,South East Asia,target_only_k25,MLP,snv_sg1,25,391,-0.20100591085977015,0.5977259692924404,-0.3643004415146922,2.964613049579041,0.8572373110508236
015,South East Asia,k25,PLSR,snv_sg1,3614,391,0.43872409293428105,0.4086182436436567,0.44915543786381795,1.8837685386782124,1.3490919222541702
015,South East Asia,k25,Ridge,snv_sg1,3614,391,0.5275114355100302,0.374908427944979,0.412297126137672,1.9457718377581283,1.3061022210370936
015,South East Asia,k25,MLP,snv_sg1,3614,391,0.5894835640180907,0.34945787156907215,0.21762807522395256,2.2450170046049243,1.1320078706372863
015,South East Asia,coral_k25,PLSR,snv_sg1,3614,391,0.39097308798866404,0.4256452531931554,0.278451048718828,2.15598584908817,1.178753988576568
015,South East Asia,coral_k25,Ridge,snv_sg1,3614,391,0.4082593452148251,0.41956113975352577,0.2481057893789007,2.2008547257961415,1.154722703475122
015,South East Asia,coral_k25,MLP,snv_sg1,3614,391,0.43078068343791176,0.41149955254451676,0.4560921188763041,1.8718699911433685,1.3576674293362674
015,South East Asia,target_only_k50,PLSR,snv_sg1,50,391,0.19932394900322015,0.48804286935149305,-0.4295981777877669,3.034729588660361,0.8374310938356699
015,South East Asia,target_only_k50,Ridge,snv_sg1,50,391,0.32145456126914995,0.44928200090258175,0.06487600354194656,2.4544127987917634,1.035431741628126
015,South East Asia,target_only_k50,MLP,snv_sg1,50,391,0.1986014523467442,0.4882630144599701,0.30484635478449884,2.1161839116481196,1.2009244115971243
015,South East Asia,k50,PLSR,snv_sg1,3639,391,0.4514470757203308,0.40396042443363,0.45861027193516757,1.867531826791123,1.3608212092931378
015,South East Asia,k50,Ridge,snv_sg1,3639,391,0.5372350170077,0.3710306583650241,0.42305472020427903,1.9278814225019651,1.3182226299111133
015,South East Asia,k50,MLP,snv_sg1,3639,391,0.5998497007107892,0.345017501292904,0.46206675052300694,1.8615606940687834,1.3651861725618368
015,South East Asia,coral_k50,PLSR,snv_sg1,3639,391,0.397298853791451,0.4234289633245904,0.2830717133555949,2.1490714965267217,1.1825464732255915
015,South East Asia,coral_k50,Ridge,snv_sg1,3639,391,0.41390533671681473,0.41755475723178337,0.25228000733958067,2.1947370877408403,1.1579413922162738
015,South East Asia,coral_k50,MLP,snv_sg1,3639,391,0.4586989927475338,0.4012813447114777,0.4623920466705628,1.8609977523859282,1.365599133942584
015,South East Asia,target_only_k100,PLSR,snv_sg1,100,391,0.5564900570155988,0.3632296003544158,0.23224038752621468,2.22395316680325,1.142729512861253
015,South East Asia,target_only_k100,Ridge,snv_sg1,100,391,0.5893716232307209,0.3495055139038108,0.34068119164056077,2.060918124542878,1.2331285210522418
015,South East Asia,target_only_k100,MLP,snv_sg1,100,391,0.5017837275915372,0.38498029998189165,0.39936792541788546,1.967058456303502,1.291968172467572
015,South East Asia,k100,PLSR,snv_sg1,3689,391,0.46608002550057626,0.39853607271407065,0.4534429593323326,1.8764230219938836,1.3543731286279235
015,South East Asia,k100,Ridge,snv_sg1,3689,391,0.5489613859314477,0.36629957482666314,0.4185611194435819,1.9353746169797805,1.3131188642399505
015,South East Asia,k100,MLP,snv_sg1,3689,391,0.668675298909573,0.3139470885960414,0.5958685201270839,1.6135199767175765,1.5750514128107076
015,South East Asia,coral_k100,PLSR,snv_sg1,3689,391,0.40613349620383343,0.42031410813230746,0.2832636561359505,2.1487837924570683,1.1827048062482508
015,South East Asia,coral_k100,Ridge,snv_sg1,3689,391,0.4239557031712635,0.41395915632142255,0.25528176868582575,2.1903272134756864,1.1602727224004923
015,South East Asia,coral_k100,MLP,snv_sg1,3689,391,0.5137763643610316,0.3803186175351097,0.5091943733453146,1.7781474551458152,1.429227318337846
016,Oceania,source_only,PLSR,snv_sg1,3868,112,0.475295740434143,0.41317308525100827,0.1788758031693658,1.2549489233996811,1.1085188866382178
016,Oceania,source_only,Ridge,snv_sg1,3868,112,0.5343156100062418,0.38924278246920874,0.2235915889604394,1.220300364728406,1.1399935815510962
016,Oceania,source_only,MLP,snv_sg1,3868,112,0.6754215068337373,0.32496351082374547,0.5096254913079328,0.9698075667522763,1.4344439361444892
016,Oceania,mean_only,PLSR,snv_sg1,3868,112,0.5261291677274333,0.3926492001674237,0.3228520133060103,1.1396288134793455,1.2206909538445585
016,Oceania,mean_only,Ridge,snv_sg1,3868,112,0.5570710030286397,0.3796136189296721,0.32816631136224517,1.1351480671948795,1.2255093617809227
016,Oceania,mean_only,MLP,snv_sg1,3868,112,0.1679139337310669,0.520306022695551,-1.2448239410344195,2.0749745196681237,0.6704345379515051
016,Oceania,coral,PLSR,snv_sg1,3868,112,0.4465498044136611,0.42434002814783334,0.06522190387857851,1.3389855461160305,1.0389466767509792
016,Oceania,coral,Ridge,snv_sg1,3868,112,0.41772017945351203,0.43525182218201397,0.213156763997024,1.2284733321422843,1.132409265188445
016,Oceania,coral,MLP,snv_sg1,3868,112,0.31246006596750175,0.4729592158068864,-0.11849465119293678,1.4646659355521903,0.9497965027980093
016,Oceania,target_only_k10,PLSR,snv_sg1,10,112,-3.357089306360134,1.1906194119938411,-2.896552635290992,2.733769531326452,0.5088704689308072
016,Oceania,target_only_k10,Ridge,snv_sg1,10,112,0.350224657514421,0.45978663342976,0.24993612371091378,1.199418519624901,1.159840840034636
016,Oceania,target_only_k10,MLP,snv_sg1,10,112,0.37704640781676524,0.45019697804263753,-0.21719963824940702,1.5279267439309612,0.9104720425115503
016,Oceania,k10,PLSR,snv_sg1,3878,112,0.48037176951438565,0.4111696942452998,0.18110593033673195,1.2532435793369339,1.1100272973996534
016,Oceania,k10,Ridge,snv_sg1,3878,112,0.5397097980927208,0.38698184722865153,0.22649853521931906,1.2180137626251115,1.1421337147756165
016,Oceania,k10,MLP,snv_sg1,3878,112,0.6155183657288648,0.3536816499837062,0.5718171795477585,0.9062254292013133,1.535086677694421
016,Oceania,coral_k10,PLSR,snv_sg1,3878,112,0.4478761688535141,0.4238312496312685,0.07381970850022201,1.3328135303456483,1.0437578488523234
016,Oceania,coral_k10,Ridge,snv_sg1,3878,112,0.41966384475600726,0.43452477395315814,0.21763242198190957,1.2249744983314292,1.1356437095219098
016,Oceania,coral_k10,MLP,snv_sg1,3878,112,0.4615040809444644,0.41856791658573383,0.019093056550716025,1.371625434118203,1.0142233796132425
016,Oceania,target_only_k25,PLSR,snv_sg1,25,112,0.22431748484016656,0.5023619403763334,-6.328502035422658,3.749119053559058,0.3710563904430385
016,Oceania,target_only_k25,Ridge,snv_sg1,25,112,0.7264243698866515,0.298341337448779,0.5322706562446955,0.9471503710881252,1.4687578929591214
016,Oceania,target_only_k25,MLP,snv_sg1,25,112,0.4631198662750047,0.41793947728988456,-5.238745291218751,3.459156833870115,0.40216002053842675
016,Oceania,k25,PLSR,snv_sg1,3893,112,0.49315774780466115,0.40607956413040686,0.18571611335875282,1.2497108653946345,1.1131651503370352
016,Oceania,k25,Ridge,snv_sg1,3893,112,0.5489096890196545,0.38309499462606067,0.23072825434385935,1.2146789800776816,1.145269331379949
016,Oceania,k25,MLP,snv_sg1,3893,112,0.7044447169495373,0.3100945201203911,0.4617209777509069,1.0160740333252356,1.3691271873193869
016,Oceania,coral_k25,PLSR,snv_sg1,3893,112,0.45076755901155063,0.4227200223673943,0.08199480061772868,1.3269183370608602,1.0483950251499459
016,Oceania,coral_k25,Ridge,snv_sg1,3893,112,0.42280810927418166,0.4333460463750407,0.22041737478970547,1.2227923159334204,1.1376703674269657
016,Oceania,coral_k25,MLP,snv_sg1,3893,112,0.5014037154037667,0.40276270335526787,0.06970986187422645,1.3357673807049306,1.0414497340253173
016,Oceania,target_only_k50,PLSR,snv_sg1,50,112,0.1212152216576955,0.5347071496025865,-9.420236614316348,4.4705444321406755,0.3111778899575133
016,Oceania,target_only_k50,Ridge,snv_sg1,50,112,0.7278251988073519,0.29757653698325803,0.5708588158454602,0.907239024435655,1.5333716318256871
016,Oceania,target_only_k50,MLP,snv_sg1,50,112,0.74190242355326,0.2897788546073419,0.26151948685837845,1.1901210730434386,1.1689017318190695
016,Oceania,k50,PLSR,snv_sg1,3918,112,0.5051320809320226,0.40125400343547907,0.19177194202349868,1.2450551436984674,1.1173276865653072
016,Oceania,k50,Ridge,snv_sg1,3918,112,0.5592381793195391,0.37868378770407557,0.23715200355481958,1.2095968028629127,1.1500812337319861
016,Oceania,k50,MLP,snv_sg1,3918,112,0.7493754167652549,0.28555289145738194,0.6429553677780822,0.8275283469596597,1.6810718188275666
016,Oceania,coral_k50,PLSR,snv_sg1,3918,112,0.45447299847109013,0.4212916523531384,0.08971624481432927,1.3213261239276097,1.052832119310357
016,Oceania,coral_k50,Ridge,snv_sg1,3918,112,0.42656481496049725,0.4319335082233954,0.22518835152193895,1.219044883220679,1.1411676489544094
016,Oceania,coral_k50,MLP,snv_sg1,3918,112,0.5171979777882021,0.3963321182738112,0.36581051563271016,1.1028873199351747,1.2613569475407629
016,Oceania,target_only_k100,PLSR,snv_sg1,100,112,0.9280173416519759,0.15303426036340625,0.8028629128985684,0.6149018403511546,2.2623685474097845
016,Oceania,target_only_k100,Ridge,snv_sg1,100,112,0.8791742475560481,0.19826884763557212,0.6746423230896135,0.7899546402984899,1.761030966068121
016,Oceania,target_only_k100,MLP,snv_sg1,100,112,0.9816493215350759,0.0772681992552792,0.9871630439194612,0.15691073363914992,8.865770690704046
016,Oceania,k100,PLSR,snv_sg1,3968,112,0.5293104370052788,0.39132898137110556,0.20059601076512135,1.2382398618930646,1.1234774668197398
016,Oceania,k100,Ridge,snv_sg1,3968,112,0.5804992835789112,0.369437589282751,0.24739234421972967,1.2014506623890715,1.157879076439634
016,Oceania,k100,MLP,snv_sg1,3968,112,0.9206771103945266,0.1606475074056951,0.871653348992678,0.49615102827727625,2.803853069064694
016,Oceania,coral_k100,PLSR,snv_sg1,3968,112,0.47042737838785864,0.4150854309984203,0.1049809318810001,1.3102005254143536,1.0617722679624904
016,Oceania,coral_k100,Ridge,snv_sg1,3968,112,0.44315932835632676,0.4256378125038664,0.2378787892048071,1.2090204579736328,1.1506294820572702
016,Oceania,coral_k100,MLP,snv_sg1,3968,112,0.9048284108821472,0.1759658487850226,0.8613395311516802,0.5157009808877357,2.6975604757627645
