region,region_name,variant,n_train,n_test,r2_log,rmse_log,r2,rmse,rpd
002,USA,cnn,3837,143,0.6338931608470793,0.3458479637124765,0.44236560650467016,1.6364833396009002,1.3438446617903423
002,USA,cnn_coral,3837,143,0.5408713580354685,0.3873008901941215,0.30194958641290015,1.8309656914936328,1.2011035543967479
003,Central America,cnn,3734,246,0.5989925190894467,0.3569619366729009,0.49173182859521414,1.1591661378502718,1.4055233152490338
003,Central America,cnn_coral,3734,246,0.6107213728857707,0.3517029020348728,0.6017141486581703,1.0261164927909427,1.5877680988874496
004,South America,cnn,3365,615,0.51379022707341,0.3993595638357735,-0.1366649112219236,1.9985612184867583,0.938722322875824
004,South America,cnn_coral,3365,615,0.5231031735487209,0.3955163703178747,-0.4858983002022359,2.2850503393606245,0.8210296277115597
006,Western Africa,cnn,3604,376,0.3124467252926929,0.3846273888346237,0.46819694185922467,0.4664266330914934,1.3731022329173466
006,Western Africa,cnn_coral,3604,376,0.2677274263766146,0.39693867289538043,0.43414174104594505,0.4811292440973823,1.3311422226922873
007,Eastern Africa,cnn,3700,280,0.6198038011204714,0.3134355141322046,0.6830989599337796,1.2558116901973309,1.7795700244366677
007,Eastern Africa,cnn_coral,3700,280,0.656612804201191,0.29787658511565335,0.6398331042955117,1.3387965532873567,1.669263963015778
008,Southern Africa,cnn,3571,409,0.45468266184271056,0.33706583641272464,0.1521806023424258,0.6521144423916814,1.0873763876438503
008,Southern Africa,cnn_coral,3571,409,0.4897101115333973,0.3260607812419475,0.23980706581823086,0.6174958718732386,1.148337793007651
009,OECD Europe,cnn,3295,685,0.482729951973754,0.3967099955044306,-0.03462447324046791,5.914052192820849,0.9838431389963158
009,OECD Europe,cnn_coral,3295,685,0.4440349572121498,0.411280595744062,0.4752742105923834,4.211724782202952,1.3815004480253643
010,Eastern Europe,cnn,3686,294,0.6813694725628409,0.31725605996005135,0.49895363039785146,3.4798770365025935,1.4151448497957253
010,Eastern Europe,cnn_coral,3686,294,0.6500648325493585,0.3324757926920312,0.49601662423637205,3.490061210341798,1.4110153860730639
012,Middle East,cnn,3901,79,0.19370980732015508,0.4061023303873964,0.3711944484259785,0.7405372304867588,1.2691356997625478
012,Middle East,cnn_coral,3901,79,0.21774866495759482,0.40000272461200587,0.37523327044995813,0.7381551616629725,1.273231273079068
013,South Asia,cnn,3875,105,0.2504238430483523,0.3692388909303111,0.4901335976087915,0.8009409741514485,1.4071804159999493
013,South Asia,cnn_coral,3875,105,0.3255436339113392,0.3502486621476396,0.756780156224983,0.5531868103910637,2.0374102057875945
014,East Asia,cnn,3735,245,0.5283401940895298,0.33103632584696163,0.5898576240714457,0.5082109900912296,1.5646629810452932
014,East Asia,cnn_coral,3735,245,0.5575705148187451,0.3206145668846996,0.6032022214249598,0.4998749193410874,1.5907557910772807
015,South East Asia,cnn,3589,391,0.45886584015172893,0.40121949565716714,0.2575281141545398,2.1870213003667582,1.1620265968608243
015,South East Asia,cnn_coral,3589,391,0.43071403499378136,0.41152364255813895,0.31995280202396614,2.0930641244441452,1.2141897084028574
016,Oceania,cnn,3868,112,0.6938181651890483,0.3156199443002048,0.5096130027568606,0.9698199158997156,1.4344256707331788
016,Oceania,cnn_coral,3868,112,0.6073267486240578,0.35742949493197934,0.4108213617345886,1.0630290219868728,1.3086515556788099
