model,prep,group_profile,group_region,random,leak_gain,region_penalty
HistGBM,raw,0.5402823823202572,0.416576936966644,0.5952630848250121,0.05498070250475495,0.12370544535361316
HistGBM,sg1,0.6478213344482022,0.5913680882306869,0.7399368251194625,0.09211549067126024,0.05645324621751535
HistGBM,snv,0.5446286717135784,0.41665663469792946,0.634119449341116,0.08949077762753754,0.12797203701564897
HistGBM,snv_sg1,0.6264308191183294,0.5645261156789075,0.7254542554303545,0.09902343631202504,0.06190470343942189
MLP,raw,0.5861621779532311,0.5068533172293657,0.6261148669537522,0.03995268900052107,0.07930886072386545
MLP,sg1,0.677241077124537,0.6265067430217123,0.7353599127489193,0.05811883562438236,0.050734334102824685
MLP,snv,0.631963902075235,0.47065612074197694,0.6959133493894747,0.06394944731423968,0.16130778133325807
MLP,snv_sg1,0.6410666713567872,0.5383606745370932,0.7329912510062015,0.09192457964941436,0.10270599681969395
PLSR,raw,0.5426935250351728,0.4763082146142006,0.5523800528192184,0.009686527784045662,0.06638531042097218
PLSR,sg1,0.5410416372814083,0.4873006096327367,0.5576811160075439,0.01663947872613558,0.05374102764867161
PLSR,snv,0.5340298223278223,0.3964673063797194,0.5431591900101447,0.00912936768232242,0.13756251594810287
PLSR,snv_sg1,0.5554733871095462,0.45087092416816466,0.560881655212015,0.005408268102468861,0.10460246294138154
RandomForest,raw,0.5143976931823379,0.3935131108439941,0.5687989710882995,0.05440127790596161,0.12088458233834376
RandomForest,sg1,0.6064982926128573,0.5185839182792312,0.6993237187411132,0.09282542612825595,0.08791437433362603
RandomForest,snv,0.5166992397845939,0.37408572809025276,0.6213469366652864,0.10464769688069253,0.1426135116943411
RandomForest,snv_sg1,0.5948766563910071,0.4948491380431296,0.6920750584973436,0.09719840210633657,0.10002751834787749
Ridge,raw,0.5262629139112805,0.46739060617500205,0.5291260832477283,0.0028631693364477018,0.058872307736278495
Ridge,sg1,0.5923478560076776,0.49734219480056074,0.5882866103483597,-0.004061245659317869,0.09500566120711684
Ridge,snv,0.5583769185575753,0.4747908798100796,0.5703560864951854,0.011979167937610113,0.0835860387474957
Ridge,snv_sg1,0.5907291189779533,0.5239808993104552,0.6020613098592758,0.011332190881322424,0.06674821966749811
