protocol,model,prep,fold,repeat,group,n_train,n_test,r2_log,fit_seconds,rmse,rpd
random,PLSR,raw,0,0,,3184,796,0.6023965478138376,0.34212583300541155,41.230983316716404,0.08574442945435147
random,PLSR,raw,1,0,,3184,796,0.5366310984926699,0.03684083299594931,2.5873633811019467,1.2222672008151898
random,PLSR,raw,2,0,,3184,796,0.5390351134475497,0.03815887501696125,3.426866149096304,0.9097182503052199
random,PLSR,raw,3,0,,3184,796,0.5635712631291552,0.03589366699452512,2.242596376400378,0.853583600274965
random,PLSR,raw,4,0,,3184,796,0.5523800528192184,0.034195082989754155,2.7888113584936054,1.3374501403262216
random,PLSR,raw,0,1,,3184,796,0.6029880116189124,0.035081917012576014,30.929048016153807,0.12249485843501637
random,PLSR,raw,1,1,,3184,796,0.5610401252670996,0.03146754199406132,1.8780141183607624,1.133024302889718
random,PLSR,raw,2,1,,3184,796,0.5721484969900444,0.0291821249993518,3.825685554495911,0.9538457275331662
random,PLSR,raw,3,1,,3184,796,0.5279827944329358,0.031233041983796284,1.6776522170158537,1.2429833015814262
random,PLSR,raw,4,1,,3184,796,0.5353876173460963,0.03829349999432452,2.945623986832906,1.2344465607486497
random,PLSR,raw,0,2,,3184,796,0.5411536459198195,0.0329455409955699,2.069677716161119,1.4072011025008995
random,PLSR,raw,1,2,,3184,796,0.5999699658118776,0.03367637499468401,3.389881963993143,1.03092178297308
random,PLSR,raw,2,2,,3184,796,0.525092626138852,0.038020791980670765,1.4090824108015383,1.0466594877226039
random,PLSR,raw,3,2,,3184,796,0.5993598054214124,0.03640645899577066,1.8665778094929206,1.4581412160101932
random,PLSR,raw,4,2,,3184,796,0.5355756945758801,0.03376470800139941,34.485204055774076,0.1277721669892163
group_profile,PLSR,raw,0,0,,3184,796,0.5296506686191772,0.03628233302151784,2.561292241598525,1.1163233295375272
group_profile,PLSR,raw,1,0,,3184,796,0.5200474767722091,0.036429125000722706,2.4130265018553936,1.2158065599817498
group_profile,PLSR,raw,2,0,,3184,796,0.5522194251773311,0.03314366700942628,20.22808088160395,0.2148296255356595
group_profile,PLSR,raw,3,0,,3184,796,0.5817514959326975,0.036319709004601464,3.2715787989466074,0.8812374834931497
group_profile,PLSR,raw,4,0,,3184,796,0.5426935250351728,0.035489332978613675,1.7879453146203437,1.3516439013069186
group_region,PLSR,raw,0,0,002,3837,143,0.499122240504284,0.04143437501625158,2.384846968948344,0.9221469673592027
group_region,PLSR,raw,0,0,003,3734,246,0.4680154613665308,0.04168599998229183,1.234484834966458,1.3197691756496956
group_region,PLSR,raw,0,0,004,3365,615,0.480449726041833,0.04036637500394136,1.3380640320778479,1.4020958522546076
group_region,PLSR,raw,0,0,006,3604,376,0.45022673909707356,0.04522091700346209,0.3320625500165334,1.9287072612017269
group_region,PLSR,raw,0,0,007,3700,280,-0.16357872355714198,0.046827291982481256,1.697992305586926,1.316145445924054
group_region,PLSR,raw,0,0,008,3571,409,0.5550292399548217,0.053134209010750055,0.6496380669423732,1.0915213913428983
group_region,PLSR,raw,0,0,009,3295,685,0.4763082146142006,0.054973333986708894,21.067911427412344,0.27617828628243685
group_region,PLSR,raw,0,0,010,3686,294,0.6331365579090462,0.05805983301252127,4.35308857907504,1.1312726531228636
group_region,PLSR,raw,0,0,012,3901,79,0.20158807022538683,0.05306245799874887,0.8056282781396766,1.166595391095601
group_region,PLSR,raw,0,0,013,3875,105,0.1793501264136379,0.05148579098749906,0.4103943629842692,2.7463058824739304
group_region,PLSR,raw,0,0,014,3735,245,0.6016861012547857,0.05105762500897981,0.5235942388049633,1.5186930333133866
group_region,PLSR,raw,0,0,015,3589,391,0.45164985121276435,0.04389041700051166,2.1707737575148527,1.170723991908185
group_region,PLSR,raw,0,0,016,3868,112,0.6356390194982582,0.04706687500583939,1.1579266318593004,1.201401319461043
random,Ridge,raw,0,0,,3184,796,0.5870754203579648,0.015716041991254315,4.872984005199089,0.7254953302867027
random,Ridge,raw,1,0,,3184,796,0.5101210093581743,0.006256249995203689,2.8655359206360536,1.1036153392937553
random,Ridge,raw,2,0,,3184,796,0.5029793237270278,0.0070328750007320195,2.3213468748551684,1.3429628768344155
random,Ridge,raw,3,0,,3184,796,0.5322809126329102,0.00571374999708496,2.367790141383385,0.8084514989208569
random,Ridge,raw,4,0,,3184,796,0.5291260832477283,0.006758875009836629,3.247923202074246,1.148394192442291
random,Ridge,raw,0,1,,3184,796,0.5813444299994102,0.0065875829895958304,3.4254434844490316,1.1060317811309541
random,Ridge,raw,1,1,,3184,796,0.5307638271045458,0.006158750009490177,2.2719690639987937,0.936560127948063
random,Ridge,raw,2,1,,3184,796,0.5411533663915771,0.006957125006010756,3.0190744370240665,1.208686270298869
random,Ridge,raw,3,1,,3184,796,0.4930538050225246,0.005858791992068291,1.9562355970951602,1.0659726746145737
random,Ridge,raw,4,1,,3184,796,0.5145109361070577,0.007294500013813376,3.3158183190470196,1.096626850426977
random,Ridge,raw,0,2,,3184,796,0.5056164702725905,0.005816541000967845,2.4562900752190404,1.1857120595757613
random,Ridge,raw,1,2,,3184,796,0.5619286534523094,0.007282958016730845,3.6924378868344663,0.9464487326512925
random,Ridge,raw,2,2,,3184,796,0.5020453892920627,0.007917916984297335,1.3178478190583962,1.119119713915251
random,Ridge,raw,3,2,,3184,796,0.5708757417919508,0.010718583012931049,2.239724305281232,1.2152094034492757
random,Ridge,raw,4,2,,3184,796,0.5218490663055864,0.009392834006575868,4.61762874227895,0.9542233681387166
group_profile,Ridge,raw,0,0,,3184,796,0.5015578512643912,0.008491375017911196,2.758620531089359,1.0364710371856811
group_profile,Ridge,raw,1,0,,3184,796,0.5262629139112805,0.006677375000435859,2.6188206875035873,1.1202651118363685
group_profile,Ridge,raw,2,0,,3184,796,0.5033698904308905,0.009085124998819083,3.8437003567841797,1.1305748725781881
group_profile,Ridge,raw,3,0,,3184,796,0.5558674572109585,0.008603792026406154,3.425857566943385,0.841552169492426
group_profile,Ridge,raw,4,0,,3184,796,0.5300718665287227,0.0067986249923706055,2.06603536270507,1.1697115276926897
group_region,Ridge,raw,0,0,002,3837,143,0.42402847840889735,0.009880917001282796,2.9369972314303734,0.748784975517481
group_region,Ridge,raw,0,0,003,3734,246,0.4346355444311778,0.011949040985200554,1.2847480156384967,1.268135862569153
group_region,Ridge,raw,0,0,004,3365,615,0.5432378421161228,0.008049583004321903,1.3166654472469412,1.424882860980527
group_region,Ridge,raw,0,0,006,3604,376,0.3754585787184357,0.007622042001457885,0.3624327020739688,1.7670906839398282
group_region,Ridge,raw,0,0,007,3700,280,-0.18002926412260956,0.00902695901459083,1.8900194533406682,1.1824242529685236
group_region,Ridge,raw,0,0,008,3571,409,0.5245213333456569,0.009156124986475334,0.7151387818142091,0.9915471859872796
group_region,Ridge,raw,0,0,009,3295,685,0.46739060617500205,0.008565333002479747,6.071533087385747,0.9583246257294484
group_region,Ridge,raw,0,0,010,3686,294,0.5881924752881982,0.011812292010290548,4.6084798624879015,1.0685801420580656
group_region,Ridge,raw,0,0,012,3901,79,0.18571162131208452,0.009000709018437192,0.8538135374667832,1.100758180764492
group_region,Ridge,raw,0,0,013,3875,105,0.09584033694199567,0.008681042003445327,0.6741470729009915,1.671843576132187
group_region,Ridge,raw,0,0,014,3735,245,0.6009738733064043,0.00712629099143669,0.5862931720365451,1.356282079823638
group_region,Ridge,raw,0,0,015,3589,391,0.5317415752416077,0.007555999996839091,2.11273668710186,1.202883887254992
group_region,Ridge,raw,0,0,016,3868,112,0.6320913746384995,0.00759883300634101,1.187057047769481,1.1719188946890395
random,RandomForest,raw,0,0,,3184,796,0.6067657589981377,17.01202112500323,2.497441402697246,1.4155796154078193
random,RandomForest,raw,1,0,,3184,796,0.5395850403206481,20.088651792000746,2.62369965038309,1.2053397182293515
random,RandomForest,raw,2,0,,3184,796,0.5429136373911765,21.91237891698256,2.19945099306089,1.417391288563151
random,RandomForest,raw,3,0,,3184,796,0.5846497937933257,23.426143332995707,1.6834097119649174,1.137122754684047
random,RandomForest,raw,4,0,,3184,796,0.563910566164402,22.89454466701136,2.640113011042448,1.412778970884994
random,RandomForest,raw,0,1,,3184,796,0.5792021610613635,24.58689491599216,2.7405766533343328,1.3824278017033789
random,RandomForest,raw,1,1,,3184,796,0.5574838941826954,25.024205458001234,1.8323544931994473,1.16125763064404
random,RandomForest,raw,2,1,,3184,796,0.5958314919741481,25.374741042003734,2.3174291228412756,1.5746388034371872
random,RandomForest,raw,3,1,,3184,796,0.5849896647312239,26.3885609160061,1.6858761847941213,1.2369198345763575
random,RandomForest,raw,4,1,,3184,796,0.5214307966638436,26.215946375014028,2.882406412200913,1.2615207156121018
random,RandomForest,raw,0,2,,3184,796,0.5455702437551009,25.757667666999623,2.3024019113947807,1.2649627980195364
random,RandomForest,raw,1,2,,3184,796,0.5939623069904776,26.102507917006733,3.0316925065964804,1.1527234872218008
random,RandomForest,raw,2,2,,3184,796,0.527050582910628,25.99875070899725,1.2253117616428393,1.2036361034118281
random,RandomForest,raw,3,2,,3184,796,0.5687989710882995,25.91352079200442,1.822660202856276,1.4932756158533789
random,RandomForest,raw,4,2,,3184,796,0.5922325027212111,26.313504624995403,3.274370503488431,1.3456782751302148
group_profile,RandomForest,raw,0,0,,3184,796,0.5532386478837614,27.434475791989826,2.324648135367341,1.22996260791446
group_profile,RandomForest,raw,1,0,,3184,796,0.5143976931823379,27.982305249985075,2.134483467565564,1.3744652956772017
group_profile,RandomForest,raw,2,0,,3184,796,0.4232968991018443,28.288991291017737,3.5511448267743577,1.2237155207908765
group_profile,RandomForest,raw,3,0,,3184,796,0.5148138371389619,28.04812895899522,2.533043747104488,1.1381713683898425
group_profile,RandomForest,raw,4,0,,3184,796,0.4558239178590775,27.285765417007497,2.0826865269554022,1.160359636027269
group_region,RandomForest,raw,0,0,002,3837,143,0.5598092583699791,34.79269495900371,2.0146990108318845,1.0915672208145095
group_region,RandomForest,raw,0,0,003,3734,246,0.3935131108439941,33.26179133402184,1.5130632666008736,1.0767791862767517
group_region,RandomForest,raw,0,0,004,3365,615,0.5106785300058772,31.243528332997812,1.745481444950779,1.0748289733210719
group_region,RandomForest,raw,0,0,006,3604,376,0.16999333660158988,34.27343075000681,0.49057156343559866,1.305520945618624
group_region,RandomForest,raw,0,0,007,3700,280,0.41837214092787334,36.467628292011796,1.9449771309561417,1.1490134277896098
group_region,RandomForest,raw,0,0,008,3571,409,0.25301851025363153,32.29805137499352,1.4133423005509842,0.5017141611213459
group_region,RandomForest,raw,0,0,009,3295,685,0.4503518614523876,28.803532000019914,4.969573419085112,1.1708247736571487
group_region,RandomForest,raw,0,0,010,3686,294,0.593171677593406,32.2437311669928,3.3779292834690797,1.4578546952503524
group_region,RandomForest,raw,0,0,012,3901,79,0.3151932723164089,35.67207629099721,0.8631012589246831,1.0889130637869284
group_region,RandomForest,raw,0,0,013,3875,105,-0.017092796331433346,34.85403220797889,0.9853874123121693,1.143782068976528
group_region,RandomForest,raw,0,0,014,3735,245,0.3807622850572989,32.674602207989665,0.668684504175128,1.1891690592367405
group_region,RandomForest,raw,0,0,015,3589,391,0.36498403357037235,31.328981166006997,2.4789158420613755,1.0251969331939896
group_region,RandomForest,raw,0,0,016,3868,112,0.6694242545254374,35.44441412499873,1.019068560845908,1.3651040143953537
random,HistGBM,raw,0,0,,3184,796,0.624364728902574,1.754742291988805,2.6130693727816925,1.3529404068481612
random,HistGBM,raw,1,0,,3184,796,0.5628406099243256,1.788926499983063,2.6417817689466374,1.1970895682924525
random,HistGBM,raw,2,0,,3184,796,0.5944518734274744,1.792644333007047,2.2999311982205657,1.355467798166329
random,HistGBM,raw,3,0,,3184,796,0.5926592664123795,1.7421777499839664,1.640143033795005,1.1671198483843201
random,HistGBM,raw,4,0,,3184,796,0.6047985957582849,1.7087270830234047,2.9598412372296603,1.2601676386709597
random,HistGBM,raw,0,1,,3184,796,0.6059117043154456,1.7732078339904547,2.9268326472656345,1.2944537029843828
random,HistGBM,raw,1,1,,3184,796,0.5886516313770712,1.7510334170074202,1.694070315241115,1.2560491841036119
random,HistGBM,raw,2,1,,3184,796,0.620173466569754,1.7063516250054818,2.5066512191103714,1.4557724637639748
random,HistGBM,raw,3,1,,3184,796,0.6177800169828777,1.8046174999908544,1.5527115745718056,1.3430013183142728
random,HistGBM,raw,4,1,,3184,796,0.5449134508432445,1.7193132090033032,3.061075860715137,1.1878880384738664
random,HistGBM,raw,0,2,,3184,796,0.576270356769163,1.7470825420168694,2.135981869263213,1.363519422104502
random,HistGBM,raw,1,2,,3184,796,0.622969788502183,1.773616457998287,2.987126021170003,1.1699215679622668
random,HistGBM,raw,2,2,,3184,796,0.5540191839526531,1.756106707995059,1.277589877506673,1.1543841260911734
random,HistGBM,raw,3,2,,3184,796,0.5952630848250121,1.75330679200124,1.937974958401516,1.4044216748582734
random,HistGBM,raw,4,2,,3184,796,0.6236270285305963,1.7123242499947082,3.3739467154235303,1.3059629042536465
group_profile,HistGBM,raw,0,0,,3184,796,0.5596612141903894,1.7116079590050504,2.2330290576514344,1.2804268145382167
group_profile,HistGBM,raw,1,0,,3184,796,0.55074007823644,1.6849848749989178,1.959324717719102,1.4973390698510043
group_profile,HistGBM,raw,2,0,,3184,796,0.469347728927603,1.790089459012961,3.5232396705232825,1.2334077291013783
group_profile,HistGBM,raw,3,0,,3184,796,0.5402823823202572,1.7590539999946486,2.5759131090582157,1.1192294715590474
group_profile,HistGBM,raw,4,0,,3184,796,0.5068548419667628,1.767974416987272,2.0732999832946994,1.165612984058642
group_region,HistGBM,raw,0,0,002,3837,143,0.6086042790152104,1.8190656249935273,1.9266988262607063,1.1414235427233947
group_region,HistGBM,raw,0,0,003,3734,246,0.4147708915249054,1.8294998750207014,1.5941133444990092,1.0220321149797296
group_region,HistGBM,raw,0,0,004,3365,615,0.5420071072058081,1.8119253749900963,1.5340665621012461,1.222954776393599
group_region,HistGBM,raw,0,0,006,3604,376,0.2843699897724039,1.762138624995714,0.4352913795090659,1.4713166433766023
group_region,HistGBM,raw,0,0,007,3700,280,0.4576739174238852,1.8084976660029497,1.866338430814948,1.1974274350855412
group_region,HistGBM,raw,0,0,008,3571,409,0.3456554465644547,1.7566165419993922,0.9720517228895226,0.7294816006193545
group_region,HistGBM,raw,0,0,009,3295,685,0.4975060376002014,1.7173912079888396,4.880232293061371,1.1922587541264276
group_region,HistGBM,raw,0,0,010,3686,294,0.6228868069586486,1.7893064999952912,3.416366322469425,1.4414525847946826
group_region,HistGBM,raw,0,0,012,3901,79,0.3395260190338092,1.8735824580071494,0.8558033916583837,1.0981987748293411
group_region,HistGBM,raw,0,0,013,3875,105,0.1031450121105637,1.8919288749748375,0.9591315895788386,1.175092620703634
group_region,HistGBM,raw,0,0,014,3735,245,0.38182261791881167,1.8671775410184637,0.6392304609154317,1.243962813689073
group_region,HistGBM,raw,0,0,015,3589,391,0.416576936966644,1.9036542910034768,2.0343332897377464,1.2492431460210423
group_region,HistGBM,raw,0,0,016,3868,112,0.6467571982274896,1.814351999986684,1.1005775609240203,1.2640041308736836
random,MLP,raw,0,0,,3184,796,0.6182850060879573,0.637526375008747,2.7794995171735137,1.2719293953786412
random,MLP,raw,1,0,,3184,796,0.6137612188834114,1.1559372920019086,2.45229283704207,1.2895888082948999
random,MLP,raw,2,0,,3184,796,0.6471511505637877,1.030479084001854,2.062034269887732,1.5118481407953561
random,MLP,raw,3,0,,3184,796,0.6261148669537522,0.963814833026845,1.5060018881961985,1.2710764202455247
random,MLP,raw,4,0,,3184,796,0.6561807578683914,1.4060631669999566,2.7011286632917124,1.3808657815711822
random,MLP,raw,0,1,,3184,796,0.641435043240179,0.8230940420180559,2.901577930032431,1.3057203527276067
random,MLP,raw,1,1,,3184,796,0.5928801050416588,1.070187250006711,1.289909395975708,1.6496008509676934
random,MLP,raw,2,1,,3184,796,0.6825064793121742,1.3195104170008563,2.6499188946432612,1.3770662296185217
random,MLP,raw,3,1,,3184,796,0.611057878679166,0.9236327919934411,1.5676019705508915,1.3302443673753135
random,MLP,raw,4,1,,3184,796,0.5642856332489583,0.6115212500153575,3.119663611183836,1.1655793229657705
random,MLP,raw,0,2,,3184,796,0.5563214094748967,0.5046209169959184,2.1798422664508808,1.3360841785793025
random,MLP,raw,1,2,,3184,796,0.6745088102907537,1.3937770829943474,2.828011608466709,1.2357456906914377
random,MLP,raw,2,2,,3184,796,0.5381780679573397,0.6557243330171332,1.0912947257924819,1.3514492825734779
random,MLP,raw,3,2,,3184,796,0.6352673134553783,1.3404779160046019,2.010498625844468,1.3537607048940121
random,MLP,raw,4,2,,3184,796,0.6524318045499136,1.453929999988759,2.9231837825839886,1.5073459552983017
group_profile,MLP,raw,0,0,,3184,796,0.6183779055050809,1.6868255000154022,1.9769208335566937,1.4463048972557178
group_profile,MLP,raw,1,0,,3184,796,0.5861621779532311,0.9818376250041183,2.0889645528478717,1.404415142595889
group_profile,MLP,raw,2,0,,3184,796,0.5668262309668651,1.5041157499945257,3.0226594742568444,1.437671387766372
group_profile,MLP,raw,3,0,,3184,796,0.6185046166851412,0.9370407079986762,2.433883236313086,1.1845423908669324
group_profile,MLP,raw,4,0,,3184,796,0.5644998647365667,1.6528152079845313,1.643724605765119,1.4702373937220226
group_region,MLP,raw,0,0,002,3837,143,0.5469634856232424,1.1291144999850076,2.0242251454385634,1.0864302347924015
group_region,MLP,raw,0,0,003,3734,246,0.5110361408434008,2.415576041996246,1.4615911906377,1.1146995435056561
group_region,MLP,raw,0,0,004,3365,615,0.5853421212322004,1.4207157919881865,1.2389509063380624,1.5142601856376643
group_region,MLP,raw,0,0,006,3604,376,0.3057176916859229,1.2235092089977115,0.4011350108658135,1.596598237605073
group_region,MLP,raw,0,0,007,3700,280,0.0720381851790346,1.1947052080067806,1.6441353605691078,1.3592584247070463
group_region,MLP,raw,0,0,008,3571,409,0.4239733928725058,1.2125181659939699,0.5619831134325209,1.2617707360763843
group_region,MLP,raw,0,0,009,3295,685,0.5068533172293657,1.971422500006156,4.456405124298449,1.305648726110575
group_region,MLP,raw,0,0,010,3686,294,0.6512382289139955,2.2703687910106964,3.7058241353894834,1.3288623221758706
group_region,MLP,raw,0,0,012,3901,79,0.24256080427481264,1.6320797500084154,0.8249736888495156,1.1392390435199315
group_region,MLP,raw,0,0,013,3875,105,0.20788341885154715,0.6849892500031274,0.6800177439566453,1.6574103590886542
group_region,MLP,raw,0,0,014,3735,245,0.5136832933825065,0.8579131249862257,0.6027311997784129,1.319292784326515
group_region,MLP,raw,0,0,015,3589,391,0.44427664891350793,2.1843825410178397,2.0132011658591913,1.262356172858023
group_region,MLP,raw,0,0,016,3868,112,0.7290594877373124,0.5903047920146491,0.7695106500372805,1.807817193027086
random,PLSR,snv,0,0,,3184,796,0.5834914910247868,0.0757080840121489,1.9449084897578937,1.8177344378674687
random,PLSR,snv,1,0,,3184,796,0.5083555607134791,0.05549716702080332,2.522443881309737,1.2537243824307212
random,PLSR,snv,2,0,,3184,796,0.5431227047984399,0.05585495801642537,2.0008389501300963,1.5580877596287175
random,PLSR,snv,3,0,,3184,796,0.5216477757852831,0.05510199998388998,1.4328083383561234,1.3360080603157694
random,PLSR,snv,4,0,,3184,796,0.5483399920289789,0.05772275000344962,2.963354058866711,1.258673809698958
random,PLSR,snv,0,1,,3184,796,0.5777927192332392,0.05841416600742377,2.4386186957245983,1.553604655336592
random,PLSR,snv,1,1,,3184,796,0.5103387368875523,0.056776000012177974,1.3308557154625864,1.5988477282326174
random,PLSR,snv,2,1,,3184,796,0.557218149897499,0.05440220900345594,2.497961569806546,1.4608366538336621
random,PLSR,snv,3,1,,3184,796,0.5198589426104228,0.05521250001038425,2.8603167689848368,0.7290429207782685
random,PLSR,snv,4,1,,3184,796,0.5431591900101447,0.048090291005792096,2.886780286442491,1.2596093360072367
random,PLSR,snv,0,2,,3184,796,0.5462396839430848,0.05461299998569302,2.4214800117915067,1.202757301245994
random,PLSR,snv,1,2,,3184,796,0.5653318961287808,0.054898375004995614,2.870355815712852,1.2175156610401587
random,PLSR,snv,2,2,,3184,796,0.5197933963205935,0.05291112497798167,1.223284003597254,1.2056312924157495
random,PLSR,snv,3,2,,3184,796,0.5477051063689252,0.05594474999816157,1.7656527468031298,1.5414888583497461
random,PLSR,snv,4,2,,3184,796,0.5307488668516519,0.056099875015206635,2.85649463050374,1.5425372077435089
group_profile,PLSR,snv,0,0,,3184,796,0.4816473324994186,0.05514174999552779,2.5577070956114056,1.1178880834188791
group_profile,PLSR,snv,1,0,,3184,796,0.5340298223278223,0.05391433398472145,2.322420703933933,1.2632394489922099
group_profile,PLSR,snv,2,0,,3184,796,0.5536855030063799,0.055630667018704116,2.5661850517875324,1.6934051728159643
group_profile,PLSR,snv,3,0,,3184,796,0.5345894223129131,0.05256387498229742,2.5570857345851166,1.1274701621613865
group_profile,PLSR,snv,4,0,,3184,796,0.5249341981860042,0.05744945799233392,1.7709390501405249,1.3646236894404151
group_region,PLSR,snv,0,0,002,3837,143,0.3809566870344677,0.0666263340099249,2.064129674354196,1.0654269580807993
group_region,PLSR,snv,0,0,003,3734,246,0.5880457473041342,0.06559212499996647,1.0363123669723764,1.5721466663141355
group_region,PLSR,snv,0,0,004,3365,615,0.3957439598002007,0.05901258302037604,1.5002676126740204,1.2505062520702874
group_region,PLSR,snv,0,0,006,3604,376,0.26754562051013764,0.05809479198069312,0.3877410891882542,1.6517502767912757
group_region,PLSR,snv,0,0,007,3700,280,-0.29764026836767465,0.06585270800860599,1.6354160029887927,1.366505424997747
group_region,PLSR,snv,0,0,008,3571,409,0.5326208677212966,0.06135124998399988,0.5293344403584738,1.33959514559083
group_region,PLSR,snv,0,0,009,3295,685,0.4844415947392181,0.05765574998804368,4.199290911174672,1.3855909953962426
group_region,PLSR,snv,0,0,010,3686,294,0.679128621359152,0.060951874998863786,4.255359258188977,1.1572536576441421
group_region,PLSR,snv,0,0,012,3901,79,0.301848339886879,0.061719999997876585,0.8393062992826757,1.1197845613899007
group_region,PLSR,snv,0,0,013,3875,105,0.38396711119843396,0.061652167001739144,0.4931983688980574,2.285223399493443
group_region,PLSR,snv,0,0,014,3735,245,0.510445675504603,0.06263808300718665,0.4862027472499623,1.6354883374349032
group_region,PLSR,snv,0,0,015,3589,391,0.3964673063797194,0.06128774999524467,1.939795447142828,1.3101262417491364
group_region,PLSR,snv,0,0,016,3868,112,0.501343682964237,0.06514954200247303,1.261686431489781,1.1025993056866064
random,Ridge,snv,0,0,,3184,796,0.609235593279594,0.010969333001412451,2.1298084593711617,1.6599272694116156
random,Ridge,snv,1,0,,3184,796,0.5430173191209374,0.019183875003363937,2.519181967571678,1.255347743045172
random,Ridge,snv,2,0,,3184,796,0.5686885460734243,0.020953500003088266,2.1769332780597517,1.4320524696855268
random,Ridge,snv,3,0,,3184,796,0.5534888343858414,0.018301208008779213,1.4380161924361217,1.3311696342504558
random,Ridge,snv,4,0,,3184,796,0.575330992204158,0.0085945840110071,2.684019680565322,1.3896679557785594
random,Ridge,snv,0,1,,3184,796,0.6082805849296331,0.008418791985604912,2.4412960703705155,1.5519008137728993
random,Ridge,snv,1,1,,3184,796,0.5408615856347587,0.008513292006682605,1.337526941737594,1.5908731038407793
random,Ridge,snv,2,1,,3184,796,0.5857600096637061,0.018551332992501557,2.686209962931496,1.3584618743126657
random,Ridge,snv,3,1,,3184,796,0.5440190606630142,0.018349291989579797,1.6899447768759766,1.2339419134550826
random,Ridge,snv,4,1,,3184,796,0.5703560864951854,0.01944429101422429,2.84525836121866,1.2779912887233091
random,Ridge,snv,0,2,,3184,796,0.5769741132448998,0.019296124984975904,2.004699339314124,1.4528127519610596
random,Ridge,snv,1,2,,3184,796,0.5984039653029845,0.020366125012515113,2.729012855159118,1.2805740917568285
random,Ridge,snv,2,2,,3184,796,0.5378654979036737,0.01962562499102205,1.2573807404470716,1.172937859477697
random,Ridge,snv,3,2,,3184,796,0.5811185134074959,0.0186658340098802,1.7825527919210868,1.5268742946896914
random,Ridge,snv,4,2,,3184,796,0.5570285300947069,0.020028083003126085,3.028647508886847,1.454857073443665
group_profile,Ridge,snv,0,0,,3184,796,0.5243320396458107,0.01460312498966232,2.15200704778892,1.3286342560994948
group_profile,Ridge,snv,1,0,,3184,796,0.5740702610360962,0.010167959000682458,2.3778885237555873,1.2337724923000433
group_profile,Ridge,snv,2,0,,3184,796,0.5787013290336676,0.01917641601176001,2.7381387178185235,1.5870602219021777
group_profile,Ridge,snv,3,0,,3184,796,0.5583769185575753,0.01136695800232701,2.53997783249962,1.135064184790944
group_profile,Ridge,snv,4,0,,3184,796,0.5534588603755393,0.008200834010494873,1.5449921179485622,1.5641926921839002
group_region,Ridge,snv,0,0,002,3837,143,0.430448049293643,0.011844334017951041,2.048947891532933,1.0733212929032432
group_region,Ridge,snv,0,0,003,3734,246,0.5995707672958734,0.01200233300914988,0.9794661070333127,1.6633909241949099
group_region,Ridge,snv,0,0,004,3365,615,0.4747908798100796,0.011012834002031013,1.2992025924721295,1.4440350106272382
group_region,Ridge,snv,0,0,006,3604,376,0.3161620069033644,0.010084916983032599,0.3742091681329133,1.7114798511899931
group_region,Ridge,snv,0,0,007,3700,280,-0.18518487457813881,0.021139624994248152,1.6183016577740221,1.380956899770032
group_region,Ridge,snv,0,0,008,3571,409,0.542963958433508,0.021629499999107793,0.5228993649983631,1.3560809099480737
group_region,Ridge,snv,0,0,009,3295,685,0.5266563668162119,0.01985112499096431,4.107249850054681,1.4166412772516006
group_region,Ridge,snv,0,0,010,3686,294,0.6942391273368351,0.02251237499876879,4.2787926278573725,1.150915806030787
group_region,Ridge,snv,0,0,012,3901,79,0.41391989220942427,0.024881541990907863,0.7899946271296788,1.1896818078735556
group_region,Ridge,snv,0,0,013,3875,105,0.4033047297288894,0.021861874993192032,0.3838271155741656,2.9363961207166467
group_region,Ridge,snv,0,0,014,3735,245,0.5418579853330326,0.02202920799027197,0.4913458406902582,1.6183690934251744
group_region,Ridge,snv,0,0,015,3589,391,0.45536787254261146,0.02185354198445566,1.8597938993532521,1.3664830924604543
group_region,Ridge,snv,0,0,016,3868,112,0.5543457280449468,0.024533042014809325,1.2351833305179793,1.1262575756843047
random,RandomForest,snv,0,0,,3184,796,0.6225146346298756,28.940136874996824,2.8815124274439166,1.2268998414384042
random,RandomForest,snv,1,0,,3184,796,0.5797803996237976,29.459751625021454,2.7345527307250626,1.1564777529350048
random,RandomForest,snv,2,0,,3184,796,0.6345675209993445,28.517969957989408,2.399370996867356,1.2992916398740733
random,RandomForest,snv,3,0,,3184,796,0.6006923793048704,29.544452208006987,1.447179940128638,1.3227404801929954
random,RandomForest,snv,4,0,,3184,796,0.6412724849457484,29.796801208984107,3.0505709244660224,1.2226878951891673
random,RandomForest,snv,0,1,,3184,796,0.6213469366652864,29.601633999991463,3.211439821103647,1.1797354362276586
random,RandomForest,snv,1,1,,3184,796,0.5850701172666167,29.489809250022518,1.7007820015294366,1.251092518241188
random,RandomForest,snv,2,1,,3184,796,0.6531781240413538,30.318514542013872,2.664315189386259,1.3696254240407164
random,RandomForest,snv,3,1,,3184,796,0.6039092693573107,30.690087708004285,1.7834517330798605,1.1692459363678158
random,RandomForest,snv,4,1,,3184,796,0.5855184262765656,31.181934458989417,2.9939499909441376,1.2145210877947668
random,RandomForest,snv,0,2,,3184,796,0.6069936314183947,29.695034708012827,2.400817578973706,1.2131087299221113
random,RandomForest,snv,1,2,,3184,796,0.6354956552942266,28.87314808400697,3.100872112348151,1.127006542601886
random,RandomForest,snv,2,2,,3184,796,0.541299043147665,30.095914500008803,1.1136431261680808,1.3243286287979796
random,RandomForest,snv,3,2,,3184,796,0.6353760340511223,28.50279737499659,1.9173682952820674,1.419515511761005
random,RandomForest,snv,4,2,,3184,796,0.6254931326713518,29.871838416991523,3.814294339175079,1.1551938207853432
group_profile,RandomForest,snv,0,0,,3184,796,0.5784687924305447,29.14416737499414,2.364602272079992,1.2091802147110418
group_profile,RandomForest,snv,1,0,,3184,796,0.57270120816424,29.05103958401014,2.2052168088481086,1.3303786904735473
group_profile,RandomForest,snv,2,0,,3184,796,0.47407626058984564,28.22207200000412,3.7795556092938294,1.1497624298513598
group_profile,RandomForest,snv,3,0,,3184,796,0.4804042594312198,30.045992458995897,2.5540929445100637,1.1287912893030152
group_profile,RandomForest,snv,4,0,,3184,796,0.5166992397845939,29.606690874992637,2.0516996888663352,1.1778845576138843
group_region,RandomForest,snv,0,0,002,3837,143,0.28698036115219316,36.78599029200268,2.261669179398473,0.9723700619276284
group_region,RandomForest,snv,0,0,003,3734,246,0.4802565954685204,36.174549749994185,1.4465878591460106,1.126260684890268
group_region,RandomForest,snv,0,0,004,3365,615,0.5231717319749498,31.838881542003946,1.2848933677560053,1.460116517453834
group_region,RandomForest,snv,0,0,006,3604,376,0.22588998133471438,35.889862124982756,0.43343500010934366,1.477618215484401
group_region,RandomForest,snv,0,0,007,3700,280,0.32483413330123145,37.25137945800088,1.8789876492667943,1.1893664341457313
group_region,RandomForest,snv,0,0,008,3571,409,0.34810765429204527,33.174409625004046,1.2500851774634658,0.5672364247507236
group_region,RandomForest,snv,0,0,009,3295,685,0.3911848993213579,26.34286183299264,5.463638893685207,1.064949530302569
group_region,RandomForest,snv,0,0,010,3686,294,0.6326305106891559,29.00581758300541,4.414919727993831,1.1154291288477847
group_region,RandomForest,snv,0,0,012,3901,79,0.26828155711357393,30.169381708983565,0.8537560151518082,1.1008323449960307
group_region,RandomForest,snv,0,0,013,3875,105,0.37408572809025276,27.875282792025246,0.8453228111259891,1.3332994666221762
group_region,RandomForest,snv,0,0,014,3735,245,0.3485030633766709,25.88166074999026,0.6502687233064312,1.2228466390215804
group_region,RandomForest,snv,0,0,015,3589,391,0.42596975901423884,25.095118666999042,2.096238454425183,1.2123510631924739
group_region,RandomForest,snv,0,0,016,3868,112,0.5904998807274382,27.051428667007713,1.1769912283898618,1.18194133465033
random,HistGBM,snv,0,0,,3184,796,0.634119449341116,1.3401219580264296,2.7374633786933575,1.2914609809396647
random,HistGBM,snv,1,0,,3184,796,0.6050748545078821,1.386605875013629,2.587210659635072,1.222339350502393
random,HistGBM,snv,2,0,,3184,796,0.6441220978943414,1.3790331250056624,2.357953887655211,1.3221135042153662
random,HistGBM,snv,3,0,,3184,796,0.6332215638494614,1.3428338749799877,1.3364067849061156,1.4323808518121997
random,HistGBM,snv,4,0,,3184,796,0.6508019125746345,1.3214000419829972,3.0542069153372093,1.2212323022485274
random,HistGBM,snv,0,1,,3184,796,0.6363146884605144,1.3216274580045138,3.059805620081308,1.2381993592677658
random,HistGBM,snv,1,1,,3184,796,0.6108461482502044,1.3138238330138847,1.5516556607183307,1.371332371698809
random,HistGBM,snv,2,1,,3184,796,0.6659629797258271,1.3080980420054402,2.695039608731575,1.3540112023654964
random,HistGBM,snv,3,1,,3184,796,0.6295033596188471,1.3409210419922601,1.5923024830831618,1.3096090182400701
random,HistGBM,snv,4,1,,3184,796,0.595912098506525,1.3323332500003744,3.066979979859911,1.1856012832436866
random,HistGBM,snv,0,2,,3184,796,0.6317392298556271,1.327989624987822,2.3533921103248505,1.2375552510887995
random,HistGBM,snv,1,2,,3184,796,0.6393067189425022,1.354351084009977,3.0593293956472274,1.1423101949598216
random,HistGBM,snv,2,2,,3184,796,0.5707775361116236,1.3786510830104817,1.0606836948788332,1.3904517259661906
random,HistGBM,snv,3,2,,3184,796,0.6568429211462437,1.3511719579983037,2.006263744473872,1.3566182633806227
random,HistGBM,snv,4,2,,3184,796,0.6351841504114059,1.3508711670001503,3.7074895317474352,1.1884724726909173
group_profile,HistGBM,snv,0,0,,3184,796,0.6006088849441862,1.3411716669797897,2.1024637193838447,1.3599427455984059
group_profile,HistGBM,snv,1,0,,3184,796,0.6032193979589277,1.3336517919960897,2.2993098367069216,1.2759365456233427
group_profile,HistGBM,snv,2,0,,3184,796,0.5203678391640327,1.4213715830119327,3.46281189989767,1.2549313005504075
group_profile,HistGBM,snv,3,0,,3184,796,0.5131985046867387,1.3580126659944654,2.4740472411033814,1.1653123755823942
group_profile,HistGBM,snv,4,0,,3184,796,0.5446286717135784,1.374113750003744,1.9183589246206079,1.2597566333186627
group_region,HistGBM,snv,0,0,002,3837,143,0.45713145792649423,1.3878910000203177,2.0174738126137193,1.0900658964105092
group_region,HistGBM,snv,0,0,003,3734,246,0.5234521445692724,1.362062333006179,1.375769285882334,1.1842356488943138
group_region,HistGBM,snv,0,0,004,3365,615,0.5386138491129537,1.3571999999985565,1.3395853945325205,1.4005034968913896
group_region,HistGBM,snv,0,0,006,3604,376,0.22325724202337582,1.3724892500031274,0.4435094565347288,1.4440536542198832
group_region,HistGBM,snv,0,0,007,3700,280,0.3684090714017014,1.4302868340164423,1.8161875966748278,1.2304922929238784
group_region,HistGBM,snv,0,0,008,3571,409,0.36069276327052613,2.22427195799537,1.2027096331096108,0.589580250442399
group_region,HistGBM,snv,0,0,009,3295,685,0.42617112075315344,1.3761057909869123,5.1664279054441264,1.12621327154138
group_region,HistGBM,snv,0,0,010,3686,294,0.6420741316867379,1.3792221670155413,4.411168872185049,1.1163775880767215
group_region,HistGBM,snv,0,0,012,3901,79,0.14359567154300112,1.3733553340134677,0.8885071047933858,1.0577768384109696
group_region,HistGBM,snv,0,0,013,3875,105,0.34407015607675084,1.3944466660032049,0.7850730895786959,1.435622323779654
group_region,HistGBM,snv,0,0,014,3735,245,0.41665663469792946,2.1036217500222847,0.6116464770855384,1.3000629490177182
group_region,HistGBM,snv,0,0,015,3589,391,0.4097867412138526,1.379539791989373,2.010039724306857,1.2643416387224329
group_region,HistGBM,snv,0,0,016,3868,112,0.5991253025889203,1.4006894170015585,1.1552249690265552,1.2042109724542032
random,MLP,snv,0,0,,3184,796,0.6695047828371307,0.43091516598360613,1.9367663778539326,1.8253761428113557
random,MLP,snv,1,0,,3184,796,0.6751538356637652,0.5422400829847902,2.2787998796572064,1.3877696876949634
random,MLP,snv,2,0,,3184,796,0.7251773568032941,0.7949364579981193,2.107108900050467,1.4795071470256762
random,MLP,snv,3,0,,3184,796,0.6964960101712372,1.0670996249828022,1.3321122474464846,1.436998640768316
random,MLP,snv,4,0,,3184,796,0.6905534826069614,0.4795446250063833,2.5109788372346826,1.4854351169555586
random,MLP,snv,0,1,,3184,796,0.7208621188484112,0.8207928749907296,2.0731457150386414,1.8274882130984063
random,MLP,snv,1,1,,3184,796,0.7288940562430348,1.2383561250171624,1.0421126493588693,2.041848008065004
random,MLP,snv,2,1,,3184,796,0.7257480518965111,1.213258332980331,2.001564605412043,1.8231306704637038
random,MLP,snv,3,1,,3184,796,0.6959133493894747,0.7950633330037817,1.1740706790182993,1.7761227913087705
random,MLP,snv,4,1,,3184,796,0.6524686399257693,0.5215919589973055,2.413355501185933,1.5067052483638466
random,MLP,snv,0,2,,3184,796,0.6757050129554996,0.40749087498988956,1.9197044459617418,1.5171360206671696
random,MLP,snv,1,2,,3184,796,0.7256218223084778,0.6803325000219047,2.6045029440004024,1.3417927464579427
random,MLP,snv,2,2,,3184,796,0.6279795378108811,0.6701125830004457,0.9833187205091495,1.4998488724844194
random,MLP,snv,3,2,,3184,796,0.7092119616183548,0.7716267080104444,1.5140579790005746,1.797641883376394
random,MLP,snv,4,2,,3184,796,0.6589726863702885,0.47853658298845403,2.6536508991089405,1.6604479710391156
group_profile,MLP,snv,0,0,,3184,796,0.6614672118869125,1.4186144580016844,1.8747435574971587,1.5251314088402916
group_profile,MLP,snv,1,0,,3184,796,0.6663353497373918,0.5703582910064142,2.122470350265808,1.382244727234088
group_profile,MLP,snv,2,0,,3184,796,0.5640226677314907,0.8283017499779817,2.6531282330710133,1.6379121773808725
group_profile,MLP,snv,3,0,,3184,796,0.631963902075235,0.7334464169980492,1.694411156421507,1.7014983977808844
group_profile,MLP,snv,4,0,,3184,796,0.572378734063447,0.9714725000085309,1.8146192434248738,1.3317754615098782
group_region,MLP,snv,0,0,002,3837,143,0.597286190259595,0.7893368749937508,1.7963750575703297,1.2242317609363722
group_region,MLP,snv,0,0,003,3734,246,0.5318156758202954,1.125673167000059,1.2864806720678412,1.2664279132751841
group_region,MLP,snv,0,0,004,3365,615,0.5551570260464938,1.1349577080109157,1.4435845283419613,1.2996080192008066
group_region,MLP,snv,0,0,006,3604,376,0.4520215841356783,0.847864874987863,0.3868296281508564,1.655642186591471
group_region,MLP,snv,0,0,007,3700,280,0.47065612074197694,0.6267482500115875,1.7818080764674573,1.254234319468881
group_region,MLP,snv,0,0,008,3571,409,0.4503692170256641,0.6225224999943748,0.754728731538382,0.9395347189882208
group_region,MLP,snv,0,0,009,3295,685,0.5333145618248163,1.2800116669968702,3.743207264965269,1.5544155751222863
group_region,MLP,snv,0,0,010,3686,294,0.7084210393685245,1.0157605420099571,3.954901421256405,1.245171381430948
group_region,MLP,snv,0,0,012,3901,79,0.2537556161807003,0.8600343329890165,0.9997339677639923,0.9400923310789224
group_region,MLP,snv,0,0,013,3875,105,0.394605483917027,1.8176854170160368,0.8144038220013182,1.383918423207026
group_region,MLP,snv,0,0,014,3735,245,0.3745596822337163,1.1716255840146914,0.5102751397890959,1.5583336532616154
group_region,MLP,snv,0,0,015,3589,391,0.42626830082789513,0.486242790997494,1.9358187439482515,1.312817600755319
group_region,MLP,snv,0,0,016,3868,112,0.4763660946175322,0.7502525419986341,1.2043871578902534,1.1550559753490897
random,PLSR,sg1,0,0,,3184,796,0.6009670696781055,0.03254370900685899,102.70881041816858,0.034420875151216376
random,PLSR,sg1,1,0,,3184,796,0.5362344495536352,0.031369792006444186,2.304991538790043,1.372000436483712
random,PLSR,sg1,2,0,,3184,796,0.5414588971099696,0.03237116598756984,5.90974787601246,0.5275153428862629
random,PLSR,sg1,3,0,,3184,796,0.5754973815558114,0.02866491599706933,2.7534621768387577,0.6952132863975501
random,PLSR,sg1,4,0,,3184,796,0.5576811160075439,0.03244929198990576,3.11193947812644,1.1985760548936633
random,PLSR,sg1,0,1,,3184,796,0.6054871851924118,0.028381207986967638,86.30467659731151,0.04389854070070874
random,PLSR,sg1,1,1,,3184,796,0.5788587884397407,0.03181116600171663,2.3438764462412527,0.907827560913053
random,PLSR,sg1,2,1,,3184,796,0.5734002605628274,0.029784875019686297,5.84616446798731,0.6241893879351595
random,PLSR,sg1,3,1,,3184,796,0.51926144081639,0.030652457993710414,2.203889115896647,0.9461881165302495
random,PLSR,sg1,4,1,,3184,796,0.549015767754226,0.024722292000660673,2.6469297343349494,1.373748366885991
random,PLSR,sg1,0,2,,3184,796,0.5518285890196084,0.03279508400009945,2.4754799728575207,1.1765204307597523
random,PLSR,sg1,1,2,,3184,796,0.5981947960930897,0.0314519579987973,3.1257817783071697,1.1180253153439024
random,PLSR,sg1,2,2,,3184,796,0.5278443458741588,0.03292466601124033,1.7611635040357887,0.8374176905601489
random,PLSR,sg1,3,2,,3184,796,0.6043358554641431,0.032473166997078806,1.7226865949067662,1.5799356917030827
random,PLSR,sg1,4,2,,3184,796,0.5494798206234258,0.027896000014152378,63.78242063836882,0.06908250278323477
group_profile,PLSR,sg1,0,0,,3184,796,0.5286360194672496,0.032487208023667336,3.261838923708766,0.876570042216833
group_profile,PLSR,sg1,1,0,,3184,796,0.524506034023122,0.03177079200395383,2.3914457871809907,1.2267781549101728
group_profile,PLSR,sg1,2,0,,3184,796,0.5698272653445788,0.0341089169960469,63.49823330826657,0.06843640861633667
group_profile,PLSR,sg1,3,0,,3184,796,0.5810901588932189,0.029382000007899478,3.957311096812017,0.7285345522003073
group_profile,PLSR,sg1,4,0,,3184,796,0.5410416372814083,0.033424083987483755,1.914067174106077,1.2625812787921185
group_region,PLSR,sg1,0,0,002,3837,143,0.5306371787942744,0.038401792000513524,2.1409876800372207,1.0271798481312462
group_region,PLSR,sg1,0,0,003,3734,246,0.47333931509391236,0.038536917010787874,1.2485079111956663,1.304945702294712
group_region,PLSR,sg1,0,0,004,3365,615,0.4952697523097719,0.029993999982252717,1.3510741756370757,1.388594396412608
group_region,PLSR,sg1,0,0,006,3604,376,0.4873006096327367,0.038952083996264264,0.34115079608911275,1.8773265627167284
group_region,PLSR,sg1,0,0,007,3700,280,-0.20316343860236064,0.028736958018271253,1.667941590848136,1.3398579737291252
group_region,PLSR,sg1,0,0,008,3571,409,0.5348765061508061,0.03860204198281281,0.5938024853491386,1.1941577615346686
group_region,PLSR,sg1,0,0,009,3295,685,0.47819560282792695,0.035733208002056926,180.28959104216182,0.03227307599922514
group_region,PLSR,sg1,0,0,010,3686,294,0.6637500408122577,0.03856966597959399,4.345809313749437,1.133167543856248
group_region,PLSR,sg1,0,0,012,3901,79,-0.23802644471548184,0.039935165987117216,4.514989371265098,0.20816045375333594
group_region,PLSR,sg1,0,0,013,3875,105,0.2151377138459739,0.041492333984933794,0.46631052730909706,2.416991226215133
group_region,PLSR,sg1,0,0,014,3735,245,0.592558773213793,0.03730862500378862,0.5395528505750488,1.473773925776931
group_region,PLSR,sg1,0,0,015,3589,391,0.4539513955707497,0.03492041598656215,2.2764841714899546,1.1163604609049367
group_region,PLSR,sg1,0,0,016,3868,112,0.6502043932069502,0.03599262499483302,1.166504873523624,1.1925664563686638
random,Ridge,sg1,0,0,,3184,796,0.6236803280658907,0.006603082991205156,30.145861937087112,0.11727404403668341
random,Ridge,sg1,1,0,,3184,796,0.5882866103483597,0.00599845900433138,2.2860909186108924,1.3833436682530609
random,Ridge,sg1,2,0,,3184,796,0.5687968268696793,0.006012541998643428,4.036765990895672,0.7722723299336889
random,Ridge,sg1,3,0,,3184,796,0.6082778077296725,0.006268458993872628,1.7779164589236918,1.0766779728729563
random,Ridge,sg1,4,0,,3184,796,0.5717319958376306,0.006439332995796576,2.981765064825515,1.2509020870760308
random,Ridge,sg1,0,1,,3184,796,0.6269695556271495,0.005956667009741068,31.494786681445,0.12029449180237341
random,Ridge,sg1,1,1,,3184,796,0.5996775661357197,0.006400083017069846,1.8893315715570915,1.126237273174394
random,Ridge,sg1,2,1,,3184,796,0.595551902293743,0.0063563750009052455,2.8170160621064455,1.295382681741837
random,Ridge,sg1,3,1,,3184,796,0.5544216429699818,0.00635899999178946,2.591160597761023,0.8047720752675969
random,Ridge,sg1,4,1,,3184,796,0.5851249703600757,0.006299125001532957,2.731442067086134,1.3312438303638168
random,Ridge,sg1,0,2,,3184,796,0.5738683681746592,0.005951875005848706,2.224911082603895,1.3090198465796306
random,Ridge,sg1,1,2,,3184,796,0.6180931996333252,0.006440875004045665,2.6817869399271204,1.3031248330574197
random,Ridge,sg1,2,2,,3184,796,0.5561266798843689,0.006524833006551489,3.57590100526915,0.41243576711863217
random,Ridge,sg1,3,2,,3184,796,0.6361989686203829,0.006256084016058594,1.963037194975396,1.3864913226699014
random,Ridge,sg1,4,2,,3184,796,0.5840992876365809,0.006123166007455438,25.69889009602648,0.17145679190062968
group_profile,Ridge,sg1,0,0,,3184,796,0.5535760345101348,0.006169416999910027,2.5587832604313396,1.1174179256503012
group_profile,Ridge,sg1,1,0,,3184,796,0.5530509760358935,0.006027124996762723,2.4268491965261485,1.2088816456189684
group_profile,Ridge,sg1,2,0,,3184,796,0.5972801925735857,0.006032208999386057,17.644607754819813,0.24628436639023418
group_profile,Ridge,sg1,3,0,,3184,796,0.5923478560076776,0.006015500024659559,6.960660238833639,0.41419028783343476
group_profile,Ridge,sg1,4,0,,3184,796,0.5932094974351847,0.005975999985821545,1.7646038773772494,1.3695228778306803
group_region,Ridge,sg1,0,0,002,3837,143,0.5453017204601558,0.007139374996768311,2.051091972960699,1.0721993109148793
group_region,Ridge,sg1,0,0,003,3734,246,0.49734219480056074,0.007159834000049159,1.2576934295740039,1.295415078655197
group_region,Ridge,sg1,0,0,004,3365,615,0.5148080288406398,0.006230667000636458,1.2930374213461164,1.4509201346039309
group_region,Ridge,sg1,0,0,006,3604,376,0.4966945601361288,0.006821125018177554,0.38413674471109366,1.6672486040660552
group_region,Ridge,sg1,0,0,007,3700,280,-0.09030697532778276,0.007123624993255362,1.582196907100479,1.4124694784720582
group_region,Ridge,sg1,0,0,008,3571,409,0.5422478728721292,0.0071642500115558505,0.5879978716172664,1.2059462813154642
group_region,Ridge,sg1,0,0,009,3295,685,0.4569278998402375,0.006271166988881305,108.74211704945108,0.05350732385435271
group_region,Ridge,sg1,0,0,010,3686,294,0.6792681580213048,0.007167375006247312,4.43419368587469,1.1105807312423799
group_region,Ridge,sg1,0,0,012,3901,79,0.3453911036516135,0.007428333017742261,0.7335244030134619,1.2812692152476124
group_region,Ridge,sg1,0,0,013,3875,105,0.2347305670831541,0.006882874993607402,0.4782580126894093,2.356611752012154
group_region,Ridge,sg1,0,0,014,3735,245,0.6293163315682344,0.0071623749972786754,0.5381021100318885,1.4777472675381262
group_region,Ridge,sg1,0,0,015,3589,391,0.49067386944549674,0.006675792013993487,2.38029946612378,1.0676710872291404
group_region,Ridge,sg1,0,0,016,3868,112,0.6119060658785396,0.006884709000587463,1.170220131953688,1.1887802519961257
random,RandomForest,sg1,0,0,,3184,796,0.7229398069528346,19.65835933299968,1.667779467790264,2.1197809474281923
random,RandomForest,sg1,1,0,,3184,796,0.6830032936192871,20.392207875003805,2.4159576930772007,1.308983765060553
random,RandomForest,sg1,2,0,,3184,796,0.6927724404469744,20.51216729200678,1.5532412603659722,2.0070820655714106
random,RandomForest,sg1,3,0,,3184,796,0.7031973025449942,20.607903875003103,1.3526098228944818,1.4152222293011965
random,RandomForest,sg1,4,0,,3184,796,0.7166858676601305,20.684932125004707,2.039379400857424,1.8289368526486336
random,RandomForest,sg1,0,1,,3184,796,0.7251337036402568,20.82360725000035,1.9871186182002256,1.9066045295776266
random,RandomForest,sg1,1,1,,3184,796,0.6993237187411132,20.760288667021086,1.3916733353009072,1.5289763648540922
random,RandomForest,sg1,2,1,,3184,796,0.6990071468746126,20.95297104099882,1.8321981836401864,1.9916589011082124
random,RandomForest,sg1,3,1,,3184,796,0.687600921616784,20.59890725000878,1.154674133525489,1.8059586086378137
random,RandomForest,sg1,4,1,,3184,796,0.66196920502018,20.683487583009992,2.5621666424654554,1.4191955119303414
random,RandomForest,sg1,0,2,,3184,796,0.695660558546543,20.660214834002545,1.7373639632943962,1.6763630566394772
random,RandomForest,sg1,1,2,,3184,796,0.7245751158061079,20.839818875014316,2.5461647115783816,1.3725361688096414
random,RandomForest,sg1,2,2,,3184,796,0.6619273367630891,20.52006216600421,0.969376475842842,1.5214207390025143
random,RandomForest,sg1,3,2,,3184,796,0.7188346769551763,22.170520166982897,1.3029685621451734,2.088871609020756
random,RandomForest,sg1,4,2,,3184,796,0.7043213592401065,22.192013874999247,2.7463838749632203,1.6043821446230178
group_profile,RandomForest,sg1,0,0,,3184,796,0.6969361010012761,21.632905083009973,1.3396784759602323,2.1342660454483386
group_profile,RandomForest,sg1,1,0,,3184,796,0.6330607549505898,21.640581290994305,1.576902850083021,1.8604655640080454
group_profile,RandomForest,sg1,2,0,,3184,796,0.5809381735329168,21.963161624997156,2.517121826699916,1.726412680945728
group_profile,RandomForest,sg1,3,0,,3184,796,0.6064982926128573,21.01717245799955,2.4243873890280057,1.1891820098062496
group_profile,RandomForest,sg1,4,0,,3184,796,0.5748192983641403,21.219147874973714,1.5773286899668864,1.5321254192286338
group_region,RandomForest,sg1,0,0,002,3837,143,0.6649282245374946,26.4176204999967,1.7159058251703234,1.2816434140919173
group_region,RandomForest,sg1,0,0,003,3734,246,0.5116642483767055,25.498413250024896,1.096346931193207,1.4860579134586147
group_region,RandomForest,sg1,0,0,004,3365,615,0.599311594013773,22.36713679099921,1.2802985371276163,1.465356692226247
group_region,RandomForest,sg1,0,0,006,3604,376,0.3651748047295301,24.334370708005736,0.35303595985444564,1.8141252569684498
group_region,RandomForest,sg1,0,0,007,3700,280,0.5654436903646405,25.392717540991725,1.7990133534812551,1.2422391617537278
group_region,RandomForest,sg1,0,0,008,3571,409,0.46137640644628186,23.988669957994716,0.7322590022764365,0.9683648060233185
group_region,RandomForest,sg1,0,0,009,3295,685,0.5321879748606879,21.987840290996246,5.1535224593534625,1.1290335337556423
group_region,RandomForest,sg1,0,0,010,3686,294,0.7069966694860346,25.236044375022175,2.808463320052241,1.7534607025016993
group_region,RandomForest,sg1,0,0,012,3901,79,0.3354518216890585,26.835834166995483,0.8541354714528323,1.1003432916975306
group_region,RandomForest,sg1,0,0,013,3875,105,0.24268466978113756,26.536404000013135,0.8933578769444633,1.2616091292022105
group_region,RandomForest,sg1,0,0,014,3735,245,0.4899314930412414,25.340925500000594,0.5098038065187045,1.5597743927927077
group_region,RandomForest,sg1,0,0,015,3589,391,0.5185839182792312,24.59882687497884,1.5105370736609622,1.6824326679834454
group_region,RandomForest,sg1,0,0,016,3868,112,0.6790125615406986,27.042198332987027,1.020942900645424,1.3625978323326322
random,HistGBM,sg1,0,0,,3184,796,0.7614545116739505,1.4766996670223307,1.7031876440278446,2.0757120642168863
random,HistGBM,sg1,1,0,,3184,796,0.7332559780208983,1.53576520801289,2.1411094167811258,1.4770143798001343
random,HistGBM,sg1,2,0,,3184,796,0.7399368251194625,1.5236463749897666,1.479808059725883,2.1066804283817415
random,HistGBM,sg1,3,0,,3184,796,0.7469239501608267,1.4872297090187203,1.347031512455838,1.421082930303149
random,HistGBM,sg1,4,0,,3184,796,0.7358304515649032,1.449852000019746,2.064630651489439,1.806568230530657
random,HistGBM,sg1,0,1,,3184,796,0.752442975712601,1.4691959169867914,1.9147347740828333,1.9786810212831512
random,HistGBM,sg1,1,1,,3184,796,0.7430567393515026,2.2426787079893984,0.9998583915265524,2.1281369995045383
random,HistGBM,sg1,2,1,,3184,796,0.7309208632065196,1.439231333002681,2.2075620883784537,1.6530062009362114
random,HistGBM,sg1,3,1,,3184,796,0.7339944938043799,1.4608173750166316,1.0341938521673577,2.0163470197019833
random,HistGBM,sg1,4,1,,3184,796,0.7085775561757053,1.5140539169951808,2.43849403946085,1.491172560179221
random,HistGBM,sg1,0,2,,3184,796,0.7190290865756587,1.5098918339936063,1.460113050657965,1.994676208592919
random,HistGBM,sg1,1,2,,3184,796,0.7551803830948871,2.322132249973947,2.479929715658201,1.4091944365691687
random,HistGBM,sg1,2,2,,3184,796,0.7011167656491011,1.5059207089943811,0.8875382968970085,1.6617079842128903
random,HistGBM,sg1,3,2,,3184,796,0.7604546500690716,1.5283100830274634,1.1246142034816538,2.4201490862248836
random,HistGBM,sg1,4,2,,3184,796,0.7451193863413852,1.4758149999834131,3.0065686728612713,1.4655408642564798
group_profile,HistGBM,sg1,0,0,,3184,796,0.7083504424506263,1.4850155419844668,1.3522013376386923,2.114500410162948
group_profile,HistGBM,sg1,1,0,,3184,796,0.6703657381454238,1.4574907500064,1.9257379262869232,1.5234541576601257
group_profile,HistGBM,sg1,2,0,,3184,796,0.6368783522904616,1.471801665989915,2.949315620484389,1.4734235328758405
group_profile,HistGBM,sg1,3,0,,3184,796,0.6478213344482022,1.4827194169920404,2.28545664428942,1.2614712578499279
group_profile,HistGBM,sg1,4,0,,3184,796,0.6061338175073164,2.305733249988407,1.2075715119829524,2.0012606759896667
group_region,HistGBM,sg1,0,0,002,3837,143,0.6633393877800219,1.5484320829855278,1.6365021002651312,1.3438292561159626
group_region,HistGBM,sg1,0,0,003,3734,246,0.6284009111815394,1.57210641601705,0.9578117263329096,1.7009971669833726
group_region,HistGBM,sg1,0,0,004,3365,615,0.6473612376259424,1.5000872089876793,1.0831102877634833,1.7321357304262868
group_region,HistGBM,sg1,0,0,006,3604,376,0.39933649102376423,2.3976543330063578,0.3866876404216562,1.6562501213943155
group_region,HistGBM,sg1,0,0,007,3700,280,0.6131369009627199,1.562044499994954,1.5550398670468086,1.4371366854127392
group_region,HistGBM,sg1,0,0,008,3571,409,0.4922014237030933,2.348757875006413,0.6789623748323095,1.0443787063655516
group_region,HistGBM,sg1,0,0,009,3295,685,0.5913680882306869,1.5135434170078952,5.072151105049014,1.1471463592204403
group_region,HistGBM,sg1,0,0,010,3686,294,0.7224832284255506,1.5456610410183202,3.7005536960708554,1.3307549276633346
group_region,HistGBM,sg1,0,0,012,3901,79,0.3497619271729525,1.5364737500203773,0.7693024667217433,1.2216810381734713
group_region,HistGBM,sg1,0,0,013,3875,105,0.2567120613338798,1.5480093749938533,0.6832590058846082,1.6495478925135225
group_region,HistGBM,sg1,0,0,014,3735,245,0.5565124588857695,1.5313896250154357,0.43881245339676056,1.8121156694638
group_region,HistGBM,sg1,0,0,015,3589,391,0.5446420505398697,2.1054940409958363,1.6695214688951414,1.5222187712321875
group_region,HistGBM,sg1,0,0,016,3868,112,0.7081402881492319,1.5599685419874731,0.9515035575964428,1.4620382364822022
random,MLP,sg1,0,0,,3184,796,0.7489020408016525,0.6620682500069961,4.462633349668945,0.7922064985679356
random,MLP,sg1,1,0,,3184,796,0.7182381546300769,0.4159607499896083,1.894747543222583,1.6690610887044686
random,MLP,sg1,2,0,,3184,796,0.7640846994932607,0.7244698329886887,1.8626706468166792,1.6736628574213497
random,MLP,sg1,3,0,,3184,796,0.7318374877930196,1.004187834012555,1.187380035283568,1.6121573818396473
random,MLP,sg1,4,0,,3184,796,0.723753668397031,0.5650442090118304,3.182613373660193,1.1719601801556665
random,MLP,sg1,0,1,,3184,796,0.7506234720383478,0.4051545829861425,1.9655653363349244,1.9275112804609482
random,MLP,sg1,1,1,,3184,796,0.7122383989128007,0.4590324590099044,1.216181075029599,1.7496042990316756
random,MLP,sg1,2,1,,3184,796,0.7526388021372519,0.5590924999851268,1.819266894237,2.00581554724092
random,MLP,sg1,3,1,,3184,796,0.7376258958594042,0.4899963329953607,2.673606710274504,0.7799552879629272
random,MLP,sg1,4,1,,3184,796,0.7286928021510939,0.5556542910053395,3.0995048327434533,1.1731601000880183
random,MLP,sg1,0,2,,3184,796,0.7267461451890092,0.8651644170167856,2.3479739685807677,1.2404110109295214
random,MLP,sg1,1,2,,3184,796,0.7874981191297374,0.873827417002758,2.537045022721244,1.3774699018307786
random,MLP,sg1,2,2,,3184,796,0.7353599127489193,0.8150878340238705,0.8796005472534856,1.6767036797027477
random,MLP,sg1,3,2,,3184,796,0.7559926341316523,0.5860759580100421,1.3233228510228097,2.056742264223726
random,MLP,sg1,4,2,,3184,796,0.7319891932642424,0.3911540840053931,2.530590504595343,1.7411940980850837
group_profile,MLP,sg1,0,0,,3184,796,0.6935708593415165,0.9065388749877457,2.676309863654305,1.0683479973263756
group_profile,MLP,sg1,1,0,,3184,796,0.6882567649294864,0.5563391250034329,1.884534052469037,1.556763299937136
group_profile,MLP,sg1,2,0,,3184,796,0.6409422086528216,0.5832222919852939,2.755923351774294,1.5768185418880647
group_profile,MLP,sg1,3,0,,3184,796,0.677241077124537,0.5778174590086564,1.35385298612128,2.129505860228596
group_profile,MLP,sg1,4,0,,3184,796,0.6338443026311125,0.5760326670133509,1.4120649826956526,1.7114406277276404
group_region,MLP,sg1,0,0,002,3837,143,0.6103689543353443,0.8692687919829041,1.5048190486965207,1.461424482854891
group_region,MLP,sg1,0,0,003,3734,246,0.6405409591193332,0.6068925829895306,1.0243589520513965,1.5904923071478043
group_region,MLP,sg1,0,0,004,3365,615,0.6265067430217123,0.8330094160046428,1.274861904186781,1.4716056878522576
group_region,MLP,sg1,0,0,006,3604,376,0.5146621385231005,1.0913968329841737,0.39315529971102314,1.6290037343024346
group_region,MLP,sg1,0,0,007,3700,280,0.6296555702198906,0.8593267080141231,1.5883252612560959,1.407019641836437
group_region,MLP,sg1,0,0,008,3571,409,0.5067802586608058,1.0285762080166023,0.6222508995010382,1.1395625900530613
group_region,MLP,sg1,0,0,009,3295,685,0.6341700047145895,0.7034446249890607,3.4531919302396035,1.684962721770633
group_region,MLP,sg1,0,0,010,3686,294,0.7833895977115072,0.9507778330007568,3.1195312890794096,1.578612172722368
group_region,MLP,sg1,0,0,012,3901,79,0.44252116426510957,1.0243391660042107,0.7243100154104907,1.297569019091075
group_region,MLP,sg1,0,0,013,3875,105,0.1936975587610943,0.9509790840093046,0.6718427909023731,1.6775776542664675
group_region,MLP,sg1,0,0,014,3735,245,0.6376003723138188,0.9333443329960573,0.41238842984944485,1.9282280132020873
group_region,MLP,sg1,0,0,015,3589,391,0.5479956309561422,0.5037504159845412,1.792776832587929,1.4175645695168664
group_region,MLP,sg1,0,0,016,3868,112,0.7465168540094584,1.2211194169940427,0.9001413270281148,1.5454624086061926
random,PLSR,snv_sg1,0,0,,3184,796,0.5847134198158237,0.034182208008132875,2.926203529700936,1.208161737367274
random,PLSR,snv_sg1,1,0,,3184,796,0.5297546301613592,0.02984487501089461,2.2608304251759983,1.3987999109066376
random,PLSR,snv_sg1,2,0,,3184,796,0.5660717572832632,0.032711915991967544,2.020420191898188,1.5429872903107331
random,PLSR,snv_sg1,3,0,,3184,796,0.5530369288496971,0.03263087497907691,1.4586158636155908,1.3123698546555176
random,PLSR,snv_sg1,4,0,,3184,796,0.560881655212015,0.02998816702165641,4.8952069993110925,0.7619486046832229
random,PLSR,snv_sg1,0,1,,3184,796,0.5958217705073787,0.02981916698627174,4.430265333492724,0.8551743683671643
random,PLSR,snv_sg1,1,1,,3184,796,0.5328847149618884,0.030188792006811127,1.3911731376019059,1.5295261098418698
random,PLSR,snv_sg1,2,1,,3184,796,0.567768059441677,0.03166795798460953,2.2727486362191565,1.6055949887673369
random,PLSR,snv_sg1,3,1,,3184,796,0.5293338034456685,0.03182112501235679,5.718845227381421,0.3646354480144922
random,PLSR,snv_sg1,4,1,,3184,796,0.5643083955129907,0.031296499975724146,2.401894888353543,1.5138944744984941
random,PLSR,snv_sg1,0,2,,3184,796,0.5606601660545018,0.03133645802154206,5.211477174672441,0.5588535968569271
random,PLSR,snv_sg1,1,2,,3184,796,0.5797707453357887,0.032319582998752594,2.576832367175118,1.3562012038133493
random,PLSR,snv_sg1,2,2,,3184,796,0.52230237333248,0.0313494160072878,1.3539951521045532,1.0892428026467453
random,PLSR,snv_sg1,3,2,,3184,796,0.5750661144545428,0.030743333976715803,1.4266441229500728,1.9077876487399936
random,PLSR,snv_sg1,4,2,,3184,796,0.554812861479129,0.0305286250077188,3.0873669551412957,1.4271867631199382
group_profile,PLSR,snv_sg1,0,0,,3184,796,0.5079292103496911,0.03250491700600833,5.105089045740312,0.5600745172987031
group_profile,PLSR,snv_sg1,1,0,,3184,796,0.5616497133554923,0.030136208020849153,2.214369853886248,1.3248796018500664
group_profile,PLSR,snv_sg1,2,0,,3184,796,0.5834674141766755,0.030969167011789978,2.380325155803476,1.8256291710840493
group_profile,PLSR,snv_sg1,3,0,,3184,796,0.5215021010674016,0.030909166991477832,2.394961375129222,1.2037930539392074
group_profile,PLSR,snv_sg1,4,0,,3184,796,0.5554733871095462,0.030678832990815863,1.5677762395688708,1.5414606494109364
group_region,PLSR,snv_sg1,0,0,002,3837,143,0.43162085821877605,0.03909720899537206,1.9820942903501086,1.109523099248244
group_region,PLSR,snv_sg1,0,0,003,3734,246,0.5718591457079404,0.035934707993874326,1.016866923094573,1.6022106688627207
group_region,PLSR,snv_sg1,0,0,004,3365,615,0.45087092416816466,0.03367820900166407,1.5283152141810636,1.2275569934915016
group_region,PLSR,snv_sg1,0,0,006,3604,376,0.3301218064260374,0.03522533300565556,0.41433911776508736,1.5457180457510127
group_region,PLSR,snv_sg1,0,0,007,3700,280,-0.2707511821476811,0.0349666659894865,1.5663497871122585,1.4267597560902603
group_region,PLSR,snv_sg1,0,0,008,3571,409,0.512990441981355,0.03438391600502655,0.559984446128402,1.266274182436235
group_region,PLSR,snv_sg1,0,0,009,3295,685,0.5221405972035409,0.031815458001801744,6.194908684990972,0.9392389733960038
group_region,PLSR,snv_sg1,0,0,010,3686,294,0.7007446088331997,0.034391332999803126,4.126007676364525,1.1935339079320666
group_region,PLSR,snv_sg1,0,0,012,3901,79,0.07327899781503056,0.0373483749863226,1.8283215026758248,0.5140464818898282
group_region,PLSR,snv_sg1,0,0,013,3875,105,0.3576408586146299,0.038657917000819,0.34229153960751935,3.2927149017184787
group_region,PLSR,snv_sg1,0,0,014,3735,245,0.49258302743170657,0.0369742079928983,0.4834266982337503,1.6448800317843268
group_region,PLSR,snv_sg1,0,0,015,3589,391,0.4358936425973281,0.03516545798629522,1.893646428255466,1.3420546100934898
group_region,PLSR,snv_sg1,0,0,016,3868,112,0.4752957404341417,0.037827542022569105,1.2549489233996813,1.1085188866382176
random,Ridge,snv_sg1,0,0,,3184,796,0.6293637384640514,0.014490417001070455,2.099187199934665,1.6841409572446735
random,Ridge,snv_sg1,1,0,,3184,796,0.5786678108653438,0.006116250006016344,2.2961692675394105,1.3772718945498745
random,Ridge,snv_sg1,2,0,,3184,796,0.6009564581183198,0.006856167019577697,2.662838239810278,1.1707367839993883
random,Ridge,snv_sg1,3,0,,3184,796,0.5897315610528284,0.006487917009508237,1.4578135363486608,1.3130921350380445
random,Ridge,snv_sg1,4,0,,3184,796,0.6020613098592758,0.0073810839967336506,4.276795673213327,0.872123998376152
random,Ridge,snv_sg1,0,1,,3184,796,0.630675853950316,0.006189583014929667,2.8799349617437566,1.3155329577215922
random,Ridge,snv_sg1,1,1,,3184,796,0.5776454624230846,0.006062250002287328,1.4150366453859895,1.503731825045652
random,Ridge,snv_sg1,2,1,,3184,796,0.6072604361637006,0.006641417014179751,2.6627879500684806,1.37041097130826
random,Ridge,snv_sg1,3,1,,3184,796,0.571020947022367,0.006200167001225054,5.14246853837945,0.4055044140861006
random,Ridge,snv_sg1,4,1,,3184,796,0.6080619495813491,0.00684945797547698,2.7121893036213063,1.3406938059041613
random,Ridge,snv_sg1,0,2,,3184,796,0.6040618739253836,0.006155375012895092,4.561678576623169,0.6384607584867245
random,Ridge,snv_sg1,1,2,,3184,796,0.6267153523214185,0.006741999997757375,2.583623470008518,1.352636403468101
random,Ridge,snv_sg1,2,2,,3184,796,0.5611077573892798,0.006833874998847023,1.8740009621666118,0.7869950464397611
random,Ridge,snv_sg1,3,2,,3184,796,0.6152526115143224,0.005993166996631771,1.7399249681930489,1.5642824183034925
random,Ridge,snv_sg1,4,2,,3184,796,0.5873917704105229,0.006386499997461215,3.1937318235187515,1.379655367061127
group_profile,Ridge,snv_sg1,0,0,,3184,796,0.5520126796267255,0.006822291004937142,4.454429291635885,0.6418847614056192
group_profile,Ridge,snv_sg1,1,0,,3184,796,0.6154302858816725,0.006716750009218231,2.3095934310703874,1.2702553665499197
group_profile,Ridge,snv_sg1,2,0,,3184,796,0.6011460094055998,0.007027042011031881,2.6269504976914986,1.6542340805122944
group_profile,Ridge,snv_sg1,3,0,,3184,796,0.5668122957358239,0.006559958012076095,3.473769404048105,0.8299450920586567
group_profile,Ridge,snv_sg1,4,0,,3184,796,0.5907291189779533,0.006499459006590769,1.593442239335879,1.5166319309974452
group_region,Ridge,snv_sg1,0,0,002,3837,143,0.5315244379081363,0.007502374995965511,1.8705645633252475,1.1756768213988216
group_region,Ridge,snv_sg1,0,0,003,3734,246,0.624133585124656,0.007436250016326085,0.9395816477767234,1.7340004850572543
group_region,Ridge,snv_sg1,0,0,004,3365,615,0.5104984908408787,0.007022125006187707,1.3824517664221854,1.3570773859856233
group_region,Ridge,snv_sg1,0,0,006,3604,376,0.34229851889378915,0.0070553330006077886,0.4460300608160568,1.4358930207938885
group_region,Ridge,snv_sg1,0,0,007,3700,280,-0.1518311173277258,0.007586040999740362,1.4854531876639367,1.504459957924915
group_region,Ridge,snv_sg1,0,0,008,3571,409,0.5150384907356913,0.006889292009873316,0.535685119356626,1.3237139152752522
group_region,Ridge,snv_sg1,0,0,009,3295,685,0.5441920725972095,0.006664375017862767,6.25339920823138,0.9304538987234318
group_region,Ridge,snv_sg1,0,0,010,3686,294,0.7197263921766188,0.007453583006281406,4.391652788931635,1.1213386628698065
group_region,Ridge,snv_sg1,0,0,012,3901,79,0.29439914215948515,0.008186250022845343,0.748148324490017,1.2562244750794367
group_region,Ridge,snv_sg1,0,0,013,3875,105,0.4255836833234481,0.00766912498511374,0.3144394479840375,3.584373590603223
group_region,Ridge,snv_sg1,0,0,014,3735,245,0.584586032023855,0.007147833006456494,0.47557038945694263,1.6720530554144553
group_region,Ridge,snv_sg1,0,0,015,3589,391,0.5239808993104552,0.007421791990054771,1.9534433223043226,1.3009729485928763
group_region,Ridge,snv_sg1,0,0,016,3868,112,0.5343156100062467,0.0076181250042282045,1.2203003647283936,1.139993581551108
random,RandomForest,snv_sg1,0,0,,3184,796,0.6984844633778006,21.495327874989016,1.5451270678419957,2.2880494516683036
random,RandomForest,snv_sg1,1,0,,3184,796,0.6644151283570836,21.86814599999343,2.3252890489166496,1.360024208080533
random,RandomForest,snv_sg1,2,0,,3184,796,0.6942748125062828,21.872534167021513,1.5259861994118762,2.0429297973910723
random,RandomForest,snv_sg1,3,0,,3184,796,0.6684124044195604,21.919919292005943,1.4026758230379957,1.3647084076671734
random,RandomForest,snv_sg1,4,0,,3184,796,0.7139116886918612,21.20733583299443,1.914025769397386,1.9487178294025571
random,RandomForest,snv_sg1,0,1,,3184,796,0.6950632443636157,21.593614416982746,1.9463078067718949,1.9465828298517482
random,RandomForest,snv_sg1,1,1,,3184,796,0.6920750584973436,21.651441000023624,1.1819471838391105,1.8002797979189544
random,RandomForest,snv_sg1,2,1,,3184,796,0.7136744478898874,21.406695374986157,1.9071038650983099,1.913432135408717
random,RandomForest,snv_sg1,3,1,,3184,796,0.6674190950390408,21.164647333003813,1.1581685362428162,1.8005097067967424
random,RandomForest,snv_sg1,4,1,,3184,796,0.6563046120586531,21.468518750014482,2.58063002443226,1.409041732204358
random,RandomForest,snv_sg1,0,2,,3184,796,0.6652830246062964,21.342144708993146,1.4343007482353847,2.0305732724372145
random,RandomForest,snv_sg1,1,2,,3184,796,0.7126256660047683,21.485098500008462,2.6385530165275015,1.3244771420160213
random,RandomForest,snv_sg1,2,2,,3184,796,0.64621731428023,21.39007062499877,0.9715326336823051,1.5180441944174
random,RandomForest,snv_sg1,3,2,,3184,796,0.7095155944097649,21.297453959006816,1.1234429369715315,2.4226722580575712
random,RandomForest,snv_sg1,4,2,,3184,796,0.6902878648293472,21.395023124990985,2.3091623709947817,1.9081591258449977
group_profile,RandomForest,snv_sg1,0,0,,3184,796,0.6803103124161052,21.583964874997037,1.3064461967055856,2.1885557095806254
group_profile,RandomForest,snv_sg1,1,0,,3184,796,0.6384108502787007,21.59375145798549,1.456041729700964,2.014896544873153
group_profile,RandomForest,snv_sg1,2,0,,3184,796,0.5396198038409015,21.4245582500007,2.624647100391424,1.655685840756243
group_profile,RandomForest,snv_sg1,3,0,,3184,796,0.5894785630337754,21.590567582985386,2.4551036272830538,1.1743039421206714
group_profile,RandomForest,snv_sg1,4,0,,3184,796,0.5948766563910071,21.532886583008803,1.3877054568587366,1.7414829410899082
group_region,RandomForest,snv_sg1,0,0,002,3837,143,0.5150016347575113,27.042845832998864,1.9652891735182907,1.1190105912477486
group_region,RandomForest,snv_sg1,0,0,003,3734,246,0.5756484340256374,26.47607908397913,1.269592808152542,1.2832736784060133
group_region,RandomForest,snv_sg1,0,0,004,3365,615,0.5579454371730022,23.432289666001452,1.2970891552578134,1.4463878769031329
group_region,RandomForest,snv_sg1,0,0,006,3604,376,0.30113042502066933,25.25659562498913,0.40576839342556215,1.5783670235704048
group_region,RandomForest,snv_sg1,0,0,007,3700,280,0.5032472222746436,26.1682482920005,1.6708723723591592,1.3375078056123002
group_region,RandomForest,snv_sg1,0,0,008,3571,409,0.4441084432593204,24.304030375002185,0.6603039921880958,1.0738899886830549
group_region,RandomForest,snv_sg1,0,0,009,3295,685,0.44568407783536046,22.211526833998505,4.781926455151781,1.216768958733019
group_region,RandomForest,snv_sg1,0,0,010,3686,294,0.708024288605451,25.32594362500822,3.123027032435446,1.5768451617560082
group_region,RandomForest,snv_sg1,0,0,012,3901,79,0.3645099325370591,27.34251687498181,0.8501428867825372,1.1055109097847915
group_region,RandomForest,snv_sg1,0,0,013,3875,105,0.29996100027392736,26.821848041989142,0.9224914355223693,1.2217657636676345
group_region,RandomForest,snv_sg1,0,0,014,3735,245,0.4493151709799742,25.83107966699754,0.531972015818525,1.4947758511932472
group_region,RandomForest,snv_sg1,0,0,015,3589,391,0.4948491380431296,24.728689832991222,1.7149071798019413,1.4819326368560823
group_region,RandomForest,snv_sg1,0,0,016,3868,112,0.6190366705360039,27.30818662501406,1.2023658922532405,1.1569977095307076
random,HistGBM,snv_sg1,0,0,,3184,796,0.7320486610343933,1.4624556249764282,1.7436451498497176,2.027549665503005
random,HistGBM,snv_sg1,1,0,,3184,796,0.6983368794923095,1.4939401670126244,2.2097324686349564,1.4311458252069664
random,HistGBM,snv_sg1,2,0,,3184,796,0.7368119458306188,1.4737534580053762,1.5505872821108007,2.0105173782557246
random,HistGBM,snv_sg1,3,0,,3184,796,0.7073131282579063,1.5017338749894407,1.3710856573593555,1.39615163987505
random,HistGBM,snv_sg1,4,0,,3184,796,0.751850961486684,1.4927041670016479,2.0182697788307125,1.8480661910924288
random,HistGBM,snv_sg1,0,1,,3184,796,0.7364971703702858,1.4498697909875773,2.0896154333260313,1.8130845024618758
random,HistGBM,snv_sg1,1,1,,3184,796,0.7253138203898214,1.482034125016071,1.126952601601654,1.888132326282948
random,HistGBM,snv_sg1,2,1,,3184,796,0.7461524916009677,1.4630725829920266,1.7843103741364053,2.045111587050781
random,HistGBM,snv_sg1,3,1,,3184,796,0.7064403809609172,1.4564564579923172,1.3580030353518062,1.535558932732095
random,HistGBM,snv_sg1,4,1,,3184,796,0.6978576795340599,1.4897388340032194,2.4523067243491314,1.4827734898332088
random,HistGBM,snv_sg1,0,2,,3184,796,0.7066755231507815,1.5115886669955216,1.2605440573349491,2.310472805021189
random,HistGBM,snv_sg1,1,2,,3184,796,0.7468754142798557,1.504866708011832,2.4290300988833153,1.438723694693902
random,HistGBM,snv_sg1,2,2,,3184,796,0.6788941138770037,1.5507100000104401,0.9410124238527493,1.567279492666138
random,HistGBM,snv_sg1,3,2,,3184,796,0.7382691990745406,1.5176575419900473,1.2240227482033028,2.2235975931875296
random,HistGBM,snv_sg1,4,2,,3184,796,0.7254542554303545,1.4881526249810122,2.4449729601297934,1.8021668636522081
group_profile,HistGBM,snv_sg1,0,0,,3184,796,0.7194073690297564,1.4926127920043655,1.4594595436107152,1.9591021180252397
group_profile,HistGBM,snv_sg1,1,0,,3184,796,0.6614714258599244,1.4711480410187505,1.6499236094794703,1.77812683781837
group_profile,HistGBM,snv_sg1,2,0,,3184,796,0.6161895033069822,1.4740599170036148,2.477967319118744,1.7536918294166455
group_profile,HistGBM,snv_sg1,3,0,,3184,796,0.6264308191183294,1.5383981670020148,2.446406803468356,1.178478519494741
group_profile,HistGBM,snv_sg1,4,0,,3184,796,0.6174546739047012,1.5662753749929834,1.2044909736882787,2.006378987612321
group_region,HistGBM,snv_sg1,0,0,002,3837,143,0.6197224709237934,1.548801833007019,1.7413490248681172,1.2629170652322608
group_region,HistGBM,snv_sg1,0,0,003,3734,246,0.6216316656673293,1.534242166992044,1.240987634030941,1.3128535597922901
group_region,HistGBM,snv_sg1,0,0,004,3365,615,0.616256086888445,1.4908103330235463,1.1206068778676552,1.674176793379449
group_region,HistGBM,snv_sg1,0,0,006,3604,376,0.3316302959330394,1.500694916001521,0.3959920654539808,1.6173340510139034
group_region,HistGBM,snv_sg1,0,0,007,3700,280,0.5657046040712105,1.5379074579977896,1.5001622793289124,1.4897087275198269
group_region,HistGBM,snv_sg1,0,0,008,3571,409,0.4889998198646802,1.5066226669878233,0.6274044714665443,1.1302020928234042
group_region,HistGBM,snv_sg1,0,0,009,3295,685,0.5050489682950354,1.5009581669874024,4.616626615672098,1.2603357728391555
group_region,HistGBM,snv_sg1,0,0,010,3686,294,0.7264030313348188,1.495355708990246,3.3338461745879027,1.4771317596072886
group_region,HistGBM,snv_sg1,0,0,012,3901,79,0.36759516667698466,1.516569375002291,0.7958312985925479,1.1809566146445505
group_region,HistGBM,snv_sg1,0,0,013,3875,105,0.3048344696896669,1.5378551250032615,0.8330013297030326,1.353021193375097
group_region,HistGBM,snv_sg1,0,0,014,3735,245,0.4543351709856971,1.5406978329992853,0.532614449778801,1.4929728682471297
group_region,HistGBM,snv_sg1,0,0,015,3589,391,0.5645261156789075,1.5116549160156865,1.767708340759156,1.4376675497474345
group_region,HistGBM,snv_sg1,0,0,016,3868,112,0.6336551833550707,1.5602303750056308,1.1782724884736895,1.180656085042682
random,MLP,snv_sg1,0,0,,3184,796,0.7463970756563293,1.0517394999915268,1.6043605995437955,2.2035738981242825
random,MLP,snv_sg1,1,0,,3184,796,0.7164143508123131,0.6789548750093672,2.07857830959456,1.5214482816036206
random,MLP,snv_sg1,2,0,,3184,796,0.7547235086985836,0.6664573329908308,2.0093007936619007,1.5515261264116371
random,MLP,snv_sg1,3,0,,3184,796,0.6963274001267115,0.7844611660111696,1.1680324074755615,1.6388616246261785
random,MLP,snv_sg1,4,0,,3184,796,0.7422076272180194,1.0777349589916412,3.9496822548038404,0.9443534700099254
random,MLP,snv_sg1,0,1,,3184,796,0.7293221296413442,0.8245767499902286,2.5297590280810316,1.4976325081612591
random,MLP,snv_sg1,1,1,,3184,796,0.6873828299969038,0.39634441601810977,1.0725731541977015,1.9838606149567481
random,MLP,snv_sg1,2,1,,3184,796,0.7423104644145897,0.6181621249997988,2.0169419542151257,1.8092309565057838
random,MLP,snv_sg1,3,1,,3184,796,0.7329912510062015,0.8416220830113161,1.6971463302604815,1.2287058896634506
random,MLP,snv_sg1,4,1,,3184,796,0.7237877635149862,0.9121823750028852,2.2714199609390793,1.6008556155777005
random,MLP,snv_sg1,0,2,,3184,796,0.7029986498316093,0.460378124989802,3.4485902404993767,0.8445343055838752
random,MLP,snv_sg1,1,2,,3184,796,0.7423041216463964,0.5071975830069277,2.1830295885573365,1.600850110647188
random,MLP,snv_sg1,2,2,,3184,796,0.7375121472870525,0.8691678330069408,0.8936925031234456,1.6502650174349194
random,MLP,snv_sg1,3,2,,3184,796,0.7189252180031996,0.6960900829872116,1.3944590502420782,1.9518206980973423
random,MLP,snv_sg1,4,2,,3184,796,0.7545841053504643,0.8105918749934062,2.3231925770441544,1.8966353864980605
group_profile,MLP,snv_sg1,0,0,,3184,796,0.6684233508719901,1.052369874989381,1.9695630638058101,1.4517079120761827
group_profile,MLP,snv_sg1,1,0,,3184,796,0.651553265021984,0.8101942079956643,2.1191419088048162,1.384415757234603
group_profile,MLP,snv_sg1,2,0,,3184,796,0.571777716952028,0.8202579999924637,2.9951840768263156,1.450859422872126
group_profile,MLP,snv_sg1,3,0,,3184,796,0.6410666713567872,0.6447250829951372,1.3571781206322846,2.124288495374575
group_profile,MLP,snv_sg1,4,0,,3184,796,0.610496254257715,0.5804183339932933,1.350294247878832,1.789732411415653
group_region,MLP,snv_sg1,0,0,002,3837,143,0.3473743617866234,0.8169735000119545,1.7819873513920381,1.234116167162222
group_region,MLP,snv_sg1,0,0,003,3734,246,0.612851239296784,0.9499569159816019,1.16463586267465,1.398922259919169
group_region,MLP,snv_sg1,0,0,004,3365,615,0.5383606745370932,0.8172273329983,1.6509834147973264,1.1363494100622051
group_region,MLP,snv_sg1,0,0,006,3604,376,0.40779227412663144,0.7005492500029504,0.38082537797046095,1.6817457250438985
group_region,MLP,snv_sg1,0,0,007,3700,280,0.6069788504392786,1.0687426250078715,1.2266725224249995,1.82184307495072
group_region,MLP,snv_sg1,0,0,008,3571,409,0.3639230616295305,1.5206153750186786,0.7317040294360202,0.969099278084887
group_region,MLP,snv_sg1,0,0,009,3295,685,0.5595462999673424,0.5622341249836609,4.355964402978132,1.3357546424380455
group_region,MLP,snv_sg1,0,0,010,3686,294,0.7006318777732916,0.8871804999944288,4.198969995468943,1.1727947738238322
group_region,MLP,snv_sg1,0,0,012,3901,79,0.42968943641735935,1.1058973750041332,0.7982979969276258,1.1773075215410298
group_region,MLP,snv_sg1,0,0,013,3875,105,-0.03901847766064592,0.742399959010072,0.8719892046395339,1.2925256955030213
group_region,MLP,snv_sg1,0,0,014,3735,245,0.5722076921545572,0.7906491250032559,0.6213471422695297,1.2797659611850092
group_region,MLP,snv_sg1,0,0,015,3589,391,0.5343692542518288,0.7145351250073873,1.8898367298826872,1.3447600413000103
group_region,MLP,snv_sg1,0,0,016,3868,112,0.6754215068337395,0.7123497080174275,0.9698075667522766,1.4344439361444887
