protocol,model,prep,r2_log_median,r2_log_mean,r2_log_sd,rpd_median,n
group_profile,HistGBM,raw,0.5402823823202572,0.5253772491282904,0.037159161243209386,1.2334077291013783,5.0
group_profile,HistGBM,sg1,0.6478213344482022,0.653909936968406,0.038223898210375265,1.5234541576601257,5.0
group_profile,HistGBM,snv,0.5446286717135784,0.5564046596934927,0.043155913285778336,1.2597566333186627,5.0
group_profile,HistGBM,snv_sg1,0.6264308191183294,0.6481907582439387,0.04384764512760054,1.77812683781837,5.0
group_profile,MLP,raw,0.5861621779532311,0.590874159169377,0.0265330325710813,1.437671387766372,5.0
group_profile,MLP,sg1,0.677241077124537,0.6667710425358948,0.027571665403060566,1.5768185418880647,5.0
group_profile,MLP,snv,0.631963902075235,0.6192335730988955,0.04849726511915812,1.5251314088402916,5.0
group_profile,MLP,snv_sg1,0.6410666713567872,0.6286634516921008,0.038159752602251656,1.4517079120761827,5.0
group_profile,PLSR,raw,0.5426935250351728,0.5452725183073175,0.023801110468201783,1.1163233295375272,5.0
group_profile,PLSR,sg1,0.5410416372814083,0.5490202230019154,0.02520680882347002,0.876570042216833,5.0
group_profile,PLSR,snv,0.5340298223278223,0.5257772556665076,0.02679920834528308,1.2632394489922099,5.0
group_profile,PLSR,snv_sg1,0.5554733871095462,0.5460043652117613,0.03077335575606534,1.3248796018500664,5.0
group_profile,RandomForest,raw,0.5143976931823379,0.4923141990331965,0.051963042651607595,1.2237155207908765,5.0
group_profile,RandomForest,sg1,0.6064982926128573,0.618450524092356,0.04956601852286806,1.726412680945728,5.0
group_profile,RandomForest,snv,0.5166992397845939,0.5244699520800888,0.0494566027009204,1.1778845576138843,5.0
group_profile,RandomForest,snv_sg1,0.5948766563910071,0.608539237192098,0.05325238073122153,1.7414829410899082,5.0
group_profile,Ridge,raw,0.5262629139112805,0.5234259958692487,0.02227738331020283,1.1202651118363685,5.0
group_profile,Ridge,sg1,0.5923478560076776,0.5778929113124953,0.022515784224623494,1.1174179256503012,5.0
group_profile,Ridge,snv,0.5583769185575753,0.5577878817297377,0.021452674156295176,1.3286342560994948,5.0
group_profile,Ridge,snv_sg1,0.5907291189779533,0.585226077925555,0.02568179831367753,1.2702553665499197,5.0
group_region,HistGBM,raw,0.416576936966644,0.4354847892556028,0.1526545416945239,1.1974274350855412,13.0
group_region,HistGBM,sg1,0.5913680882306869,0.5517997273088479,0.1417481374772378,1.4620382364822022,13.0
group_region,HistGBM,snv,0.41665663469792946,0.4194643297588207,0.13986730343659182,1.2042109724542032,13.0
group_region,HistGBM,snv_sg1,0.5645261156789075,0.5231033114895907,0.12894049018103743,1.353021193375097,13.0
group_region,MLP,raw,0.5068533172293657,0.44158663205687343,0.18757612181707783,1.319292784326515,13.0
group_region,MLP,sg1,0.6265067430217123,0.5780312158932236,0.1481264889066733,1.5454624086061926,13.0
group_region,MLP,snv,0.47065612074197694,0.478815122538455,0.1122996901616101,1.2664279132751841,13.0
group_region,MLP,snv_sg1,0.5383606745370932,0.4853944655041088,0.19357240857768002,1.2925256955030213,13.0
group_region,PLSR,raw,0.4763082146142006,0.4206632788104216,0.2248426525579113,1.201401319461043,13.0
group_region,PLSR,sg1,0.4873006096327367,0.3949254921647162,0.2944384224098469,1.1941577615346686,13.0
group_region,PLSR,snv,0.3964673063797194,0.3942242266180619,0.23709314854577448,1.33959514559083,13.0
group_region,PLSR,snv_sg1,0.45087092416816466,0.39109918979109,0.24648973994394363,1.266274182436235,13.0
group_region,RandomForest,raw,0.3935131108439941,0.38939842116821705,0.18403094962334846,1.143782068976528,13.0
group_region,RandomForest,sg1,0.5185839182792312,0.5132883136266551,0.13799768445520091,1.3625978323326322,13.0
group_region,RandomForest,snv,0.37408572809025276,0.40156891198894945,0.12411130199885655,1.18194133465033,13.0
group_region,RandomForest,snv_sg1,0.4948491380431296,0.48295860579397615,0.11887539143207702,1.2832736784060133,13.0
group_region,Ridge,raw,0.46739060617500205,0.40183033660011325,0.23537126089677948,1.1824242529685236,13.0
group_region,Ridge,sg1,0.49734219480056074,0.45802318440541623,0.20149994846695637,1.2812692152476124,13.0
group_region,Ridge,snv,0.4747908798100796,0.4437263453207908,0.2123749151364798,1.380956899770032,13.0
group_region,Ridge,snv_sg1,0.5239808993104552,0.4614189413671342,0.21488213208521972,1.3237139152752522,13.0
random,HistGBM,raw,0.5952630848250121,0.595246319139536,0.025980995074794736,1.2944537029843828,15.0
random,HistGBM,sg1,0.7399368251194625,0.7378196411013901,0.017721187332427366,1.806568230530657,15.0
random,HistGBM,snv,0.634119449341116,0.6293153139464505,0.024611848803146836,1.2914609809396647,15.0
random,HistGBM,snv_sg1,0.7254542554303545,0.7223194416513667,0.02171795440508942,1.8130845024618758,15.0
random,MLP,raw,0.6261148669537522,0.6206910363738477,0.04260306916622378,1.3360841785793025,15.0
random,MLP,sg1,0.7353599127489193,0.7404147617785,0.01965939127681722,1.6690610887044686,15.0
random,MLP,snv,0.6959133493894747,0.6918841803632728,0.03128836567792821,1.5171360206671696,15.0
random,MLP,snv_sg1,0.7329912510062015,0.7285459095469803,0.020694263681876195,1.6008556155777005,15.0
random,PLSR,raw,0.5523800528192184,0.5596475239483574,0.029027831459458874,1.0466594877226039,15.0
random,PLSR,sg1,0.5576811160075439,0.5646363842496724,0.028698570238905343,0.907827560913053,15.0
random,PLSR,snv,0.5431591900101447,0.5415429475068574,0.023187690707563016,1.3360080603157694,15.0
random,PLSR,snv_sg1,0.560881655212015,0.5584791597232136,0.02184531841592601,1.3562012038133493,15.0
random,RandomForest,raw,0.5687989710882995,0.5669584941831122,0.026895350871614404,1.2649627980195364,15.0
random,RandomForest,sg1,0.6993237187411132,0.6997968302952126,0.02041414212652314,1.6763630566394772,15.0
random,RandomForest,snv,0.6213469366652864,0.611500519312902,0.029541913879360497,1.2226878951891673,15.0
random,RandomForest,snv_sg1,0.6920750584973436,0.6858642946221025,0.022650277164276776,1.9081591258449977,15.0
random,Ridge,raw,0.5291260832477283,0.5323149623375614,0.030245848554881185,1.1036153392937553,15.0
random,Ridge,sg1,0.5882866103483597,0.5927270473458147,0.02575981901948595,1.126237273174394,15.0
random,Ridge,snv,0.5703560864951854,0.570028615493601,0.02388684175531331,1.3896679557785594,15.0
random,Ridge,snv_sg1,0.6020613098592758,0.5993316595374375,0.021470658969084438,1.3406938059041613,15.0
