model,design,k,region,region_name,r2_log_median,within_region_sd,n_repeats
MLP,pooled,10,002,USA,0.5516225416875867,0.07249135829454263,10
MLP,pooled,10,003,Central America,0.6235584856586656,0.02826799671196318,10
MLP,pooled,10,004,South America,0.5888690590996761,0.02543469794986572,10
MLP,pooled,10,006,Western Africa,0.4743950351322332,0.037466455796240805,10
MLP,pooled,10,007,Eastern Africa,0.6291102426614426,0.021019982774238385,10
MLP,pooled,10,008,Southern Africa,0.4069121332309924,0.03293769296983267,10
MLP,pooled,10,009,OECD Europe,0.5469260434213384,0.015866932888835034,10
MLP,pooled,10,010,Eastern Europe,0.719774959565197,0.02562343144908199,10
MLP,pooled,10,012,Middle East,0.4537255950903437,0.06988428591478428,10
MLP,pooled,10,013,South Asia,0.29471176355846906,0.06894342965277893,10
MLP,pooled,10,014,East Asia,0.5445268128695409,0.01914684230535959,10
MLP,pooled,10,015,South East Asia,0.5565564242622089,0.02027813896465188,10
MLP,pooled,10,016,Oceania,0.6691289440118169,0.06004154121814776,10
MLP,pooled,25,002,USA,0.676339596583429,0.03429747729227608,10
MLP,pooled,25,003,Central America,0.6408833540006924,0.03073810702036104,10
MLP,pooled,25,004,South America,0.5885356733031717,0.021231290757850952,10
MLP,pooled,25,006,Western Africa,0.5023279447001026,0.04277721895236775,10
MLP,pooled,25,007,Eastern Africa,0.6891462528162199,0.030221648393137266,10
MLP,pooled,25,008,Southern Africa,0.4243915625377428,0.03565713786413484,10
MLP,pooled,25,009,OECD Europe,0.5743095099622435,0.019340040295975466,10
MLP,pooled,25,010,Eastern Europe,0.744434191309521,0.016733694390601375,10
MLP,pooled,25,012,Middle East,0.5734061514471812,0.08450667907801178,10
MLP,pooled,25,013,South Asia,0.5254051306093638,0.06316224628059669,10
MLP,pooled,25,014,East Asia,0.6147557520193125,0.02032035873865577,10
MLP,pooled,25,015,South East Asia,0.594819841882148,0.031449104761592094,10
MLP,pooled,25,016,Oceania,0.7234324180091074,0.020066279120451724,10
MLP,pooled,50,002,USA,0.741940926264588,0.03890921447397639,10
MLP,pooled,50,003,Central America,0.7182189388177045,0.04545946923247965,10
MLP,pooled,50,004,South America,0.6129381027685012,0.03253793206309271,10
MLP,pooled,50,006,Western Africa,0.5555725743789559,0.047576152608915165,10
MLP,pooled,50,007,Eastern Africa,0.7313883782109778,0.03304364234151532,10
MLP,pooled,50,008,Southern Africa,0.5208378876064138,0.026835082364951322,10
MLP,pooled,50,009,OECD Europe,0.5901994264894278,0.01904123961543653,10
MLP,pooled,50,010,Eastern Europe,0.7564020195976673,0.017457580843708288,10
MLP,pooled,50,012,Middle East,0.7180327495847156,0.0637744556054847,10
MLP,pooled,50,013,South Asia,0.509205663818578,0.09818969649207591,10
MLP,pooled,50,014,East Asia,0.6354936032319904,0.042730467994815356,10
MLP,pooled,50,015,South East Asia,0.6079667428827421,0.02439097088648573,10
MLP,pooled,50,016,Oceania,0.76772439785258,0.04869957527214443,10
MLP,pooled,100,002,USA,0.8497357566284403,0.023755518056898028,10
MLP,pooled,100,003,Central America,0.7882031167085581,0.021917200445126406,10
MLP,pooled,100,004,South America,0.6312884893763798,0.029548246606637563,10
MLP,pooled,100,006,Western Africa,0.6312943578886934,0.03565390621607968,10
MLP,pooled,100,007,Eastern Africa,0.7652267482949577,0.013180661849655361,10
MLP,pooled,100,008,Southern Africa,0.5529377867382124,0.027835888815749704,10
MLP,pooled,100,009,OECD Europe,0.6310873348148012,0.027081552448245633,10
MLP,pooled,100,010,Eastern Europe,0.8084891433095931,0.0295551722661642,10
MLP,pooled,100,013,South Asia,0.7748900606497934,0.0482587141773972,10
MLP,pooled,100,014,East Asia,0.7218835063740109,0.03606195595969008,10
MLP,pooled,100,015,South East Asia,0.6837823327370586,0.040021541949800815,10
MLP,pooled,100,016,Oceania,0.873613521517554,0.03055389457512209,10
MLP,target_only,10,002,USA,-0.15465951889242002,1.390720955472073,30
MLP,target_only,10,003,Central America,-0.42846294303810495,0.5742150478448682,30
MLP,target_only,10,004,South America,-0.7855628522674525,0.7328223199848214,30
MLP,target_only,10,006,Western Africa,-1.6398741794029252,2.113867550764268,30
MLP,target_only,10,007,Eastern Africa,-0.7693806988956765,0.994060718694607,30
MLP,target_only,10,008,Southern Africa,-1.371492145088971,1.2604089114668189,30
MLP,target_only,10,009,OECD Europe,-0.789252201147722,1.383014446723085,30
MLP,target_only,10,010,Eastern Europe,-0.19109191029646255,0.6645670001344104,30
MLP,target_only,10,012,Middle East,-1.6384347551608849,1.538589040147976,30
MLP,target_only,10,013,South Asia,-2.0645574814484773,2.69860313276246,30
MLP,target_only,10,014,East Asia,-1.4330216515960839,1.1467990764801694,30
MLP,target_only,10,015,South East Asia,-0.8932012841350552,0.6782316488749547,30
MLP,target_only,10,016,Oceania,-0.09130778672973527,0.7691945155660761,30
MLP,target_only,25,002,USA,0.2559887090742403,0.3910350133825482,30
MLP,target_only,25,003,Central America,0.18521124061677158,0.1722589553920143,30
MLP,target_only,25,004,South America,-0.048005493674183275,0.3759189509038266,30
MLP,target_only,25,006,Western Africa,-0.5145898926142842,0.38568490365676505,30
MLP,target_only,25,007,Eastern Africa,0.15094949908910743,0.253754046568582,30
MLP,target_only,25,008,Southern Africa,-0.2637332791107485,0.32598734684610975,30
MLP,target_only,25,009,OECD Europe,-0.05583994168740669,0.33373133534207494,30
MLP,target_only,25,010,Eastern Europe,0.33013791948754595,0.18092890198315567,30
MLP,target_only,25,012,Middle East,0.07070445414234572,0.5086334741211196,30
MLP,target_only,25,013,South Asia,-0.2753931031361735,0.7480484424727161,30
MLP,target_only,25,014,East Asia,0.01653152835504318,0.32390409969164546,30
MLP,target_only,25,015,South East Asia,-0.15904558579246797,0.22197142334197337,30
MLP,target_only,25,016,Oceania,0.668572208877023,0.2660569431247756,30
MLP,target_only,50,002,USA,0.7220102671950055,0.12667880576819587,30
MLP,target_only,50,003,Central America,0.5219974817311628,0.10988596348972379,30
MLP,target_only,50,004,South America,0.2810631140713913,0.10605170613396564,30
MLP,target_only,50,006,Western Africa,-0.06867374999409115,0.24185520781512954,30
MLP,target_only,50,007,Eastern Africa,0.511273518776066,0.0942342021370383,30
MLP,target_only,50,008,Southern Africa,0.17659322560264418,0.14306190676412042,30
MLP,target_only,50,009,OECD Europe,0.16502272993054157,0.20977780890719563,30
MLP,target_only,50,010,Eastern Europe,0.5084849707588865,0.15157115523531034,30
MLP,target_only,50,012,Middle East,0.7066839157390677,0.24191548892647305,30
MLP,target_only,50,013,South Asia,0.6115500411982608,0.3029825572497625,30
MLP,target_only,50,014,East Asia,0.3491186091459769,0.12212425487613549,30
MLP,target_only,50,015,South East Asia,0.27580966340676694,0.1477838493922174,30
MLP,target_only,50,016,Oceania,0.8338586215641762,0.050404981157537346,30
MLP,target_only,100,002,USA,0.9217788207904181,0.024617787647682184,30
MLP,target_only,100,003,Central America,0.8033797123961186,0.05196809716520117,30
MLP,target_only,100,004,South America,0.5133141951150875,0.06882259591519756,30
MLP,target_only,100,006,Western Africa,0.4174493531402254,0.12418228449520766,30
MLP,target_only,100,007,Eastern Africa,0.7163117827671474,0.04524102025708414,30
MLP,target_only,100,008,Southern Africa,0.50486413089577,0.10049439598486062,30
MLP,target_only,100,009,OECD Europe,0.4368560479979983,0.08253786732352568,30
MLP,target_only,100,010,Eastern Europe,0.7784047359335439,0.07031997946316614,30
MLP,target_only,100,013,South Asia,0.9718681696727534,0.010140898985236936,30
MLP,target_only,100,014,East Asia,0.6842517830877974,0.057016351100570725,30
MLP,target_only,100,015,South East Asia,0.5311155653147741,0.05828110385354145,30
MLP,target_only,100,016,Oceania,0.9795024429059465,0.024733035812952373,30
PLSR,pooled,10,002,USA,0.43723558414029035,0.004996211806217277,10
PLSR,pooled,10,003,Central America,0.5751492486712289,0.0020547287277476838,10
PLSR,pooled,10,004,South America,0.4532132507274567,0.0024290956291500992,10
PLSR,pooled,10,006,Western Africa,0.3332663939865545,0.001842718020163991,10
PLSR,pooled,10,007,Eastern Africa,-0.24778132154917254,0.02040626404898065,10
PLSR,pooled,10,008,Southern Africa,0.5138867549850283,0.0009916137035117234,10
PLSR,pooled,10,009,OECD Europe,0.5240737160407429,0.0014525992476815467,10
PLSR,pooled,10,010,Eastern Europe,0.7012008101607223,0.0004731012143399933,10
PLSR,pooled,10,012,Middle East,0.07655093519398248,0.17199753209372107,10
PLSR,pooled,10,013,South Asia,0.3615979185688594,0.003629744437265695,10
PLSR,pooled,10,014,East Asia,0.4944549390447848,0.0009752682313881076,10
PLSR,pooled,10,015,South East Asia,0.44105598326333045,0.002853452968544597,10
PLSR,pooled,10,016,Oceania,0.48207882697538446,0.0017882596639665347,10
PLSR,pooled,25,002,USA,0.44577991188717525,0.004022303800105246,10
PLSR,pooled,25,003,Central America,0.5781304651887353,0.0028449878734794222,10
PLSR,pooled,25,004,South America,0.46282283735002316,0.00404188274421041,10
PLSR,pooled,25,006,Western Africa,0.33809355194208185,0.001609350666607402,10
PLSR,pooled,25,007,Eastern Africa,-0.19811862030696648,0.03151287879016668,10
PLSR,pooled,25,008,Southern Africa,0.5150157296732394,0.0013026752816273862,10
PLSR,pooled,25,009,OECD Europe,0.526830187397388,0.0021746958873162265,10
PLSR,pooled,25,010,Eastern Europe,0.7027913352574726,0.0005677012339001254,10
PLSR,pooled,25,012,Middle East,0.2888707311220154,0.2091029237521693,10
PLSR,pooled,25,013,South Asia,0.36823373262266923,0.0038310570547550873,10
PLSR,pooled,25,014,East Asia,0.49720187387810766,0.0018285424131996245,10
PLSR,pooled,25,015,South East Asia,0.4439565339287778,0.004818664475741192,10
PLSR,pooled,25,016,Oceania,0.4899461459699804,0.0019106748296761943,10
PLSR,pooled,50,002,USA,0.45970245608669896,0.003955167208342719,10
PLSR,pooled,50,003,Central America,0.581204378485374,0.0035467049423789842,10
PLSR,pooled,50,004,South America,0.4696723243802248,0.006271500692450322,10
PLSR,pooled,50,006,Western Africa,0.3449063733196445,0.003633896498150138,10
PLSR,pooled,50,007,Eastern Africa,-0.1289156064352227,0.015977690840846874,10
PLSR,pooled,50,008,Southern Africa,0.5188020564058178,0.001747359497088745,10
PLSR,pooled,50,009,OECD Europe,0.5287208119705789,0.0037978700924099864,10
PLSR,pooled,50,010,Eastern Europe,0.7052782992629941,0.0009360108917923313,10
PLSR,pooled,50,012,Middle East,0.4731052378527969,0.18117486722165432,10
PLSR,pooled,50,013,South Asia,0.3790038997402268,0.006305372934876862,10
PLSR,pooled,50,014,East Asia,0.502883998589243,0.00310090788096194,10
PLSR,pooled,50,015,South East Asia,0.454924821281382,0.00703406547283566,10
PLSR,pooled,50,016,Oceania,0.504364737326769,0.0019625846492125646,10
PLSR,pooled,100,002,USA,0.4820584731718246,0.004361701382734804,10
PLSR,pooled,100,003,Central America,0.598487190738554,0.0034274061852784697,10
PLSR,pooled,100,004,South America,0.4844180511470447,0.0029291265801053104,10
PLSR,pooled,100,006,Western Africa,0.35788374452020627,0.004940168316078592,10
PLSR,pooled,100,007,Eastern Africa,-0.04154619100735191,0.024838046677598164,10
PLSR,pooled,100,008,Southern Africa,0.5222275023534154,0.00138478928195496,10
PLSR,pooled,100,009,OECD Europe,0.5355490401008467,0.002953261515138691,10
PLSR,pooled,100,010,Eastern Europe,0.7099290989416593,0.0015282052244272586,10
PLSR,pooled,100,013,South Asia,0.3995107319885319,0.002633608570325514,10
PLSR,pooled,100,014,East Asia,0.5116107074884482,0.00624226252564805,10
PLSR,pooled,100,015,South East Asia,0.46618907090507544,0.008967658890289327,10
PLSR,pooled,100,016,Oceania,0.5281665848396813,0.0014178393952397263,10
PLSR,target_only,10,002,USA,-0.6459428826776503,1.528584179768707,30
PLSR,target_only,10,003,Central America,-0.25681145589613563,0.663999396923569,30
PLSR,target_only,10,004,South America,-0.5170809575758736,4.37534047341635,30
PLSR,target_only,10,006,Western Africa,-1.211106095594858,1.3539545045647794,30
PLSR,target_only,10,007,Eastern Africa,-0.639398208662886,1.8642697635133476,30
PLSR,target_only,10,008,Southern Africa,-0.8572545559573944,3.2918380583552658,30
PLSR,target_only,10,009,OECD Europe,-1.0103533185298796,1.692426319177343,30
PLSR,target_only,10,010,Eastern Europe,0.2680793526210079,0.36382124243586333,30
PLSR,target_only,10,012,Middle East,-0.3734695001054793,0.8050202558906908,30
PLSR,target_only,10,013,South Asia,-1.1251671344635668,3.358934426808489,30
PLSR,target_only,10,014,East Asia,-0.2302037274878399,0.6523865955736595,30
PLSR,target_only,10,015,South East Asia,-0.9457842209322544,0.8004361937567263,30
PLSR,target_only,10,016,Oceania,0.17121530354927206,0.7934042422090218,30
PLSR,target_only,25,002,USA,-0.7849421004647124,1.9193701421619427,30
PLSR,target_only,25,003,Central America,-0.014600434541202967,1.0129345795167504,30
PLSR,target_only,25,004,South America,-0.6158995785689082,1.237581328576238,30
PLSR,target_only,25,006,Western Africa,-0.6326143486633566,1.134472991279127,30
PLSR,target_only,25,007,Eastern Africa,-0.018167853893479302,0.3920815745751406,30
PLSR,target_only,25,008,Southern Africa,-0.5934790373186241,1.1546255712692755,30
PLSR,target_only,25,009,OECD Europe,-1.0434121706594786,1.3517464152468257,30
PLSR,target_only,25,010,Eastern Europe,0.4292578299139057,0.4460685213403292,30
PLSR,target_only,25,012,Middle East,0.027211369751533987,1.5317580215330953,30
PLSR,target_only,25,013,South Asia,-0.5860564741156181,3.9799718647616276,30
PLSR,target_only,25,014,East Asia,-0.09708656881049904,0.6864080479536467,30
PLSR,target_only,25,015,South East Asia,-0.6466127395081497,0.907165025494588,30
PLSR,target_only,25,016,Oceania,0.4363922474599643,0.8942591031540177,30
PLSR,target_only,50,002,USA,0.47130886775133995,0.18209503324494136,30
PLSR,target_only,50,003,Central America,0.5464994913833381,0.18162243031882203,30
PLSR,target_only,50,004,South America,0.12968612200397545,0.22866746724426207,30
PLSR,target_only,50,006,Western Africa,0.16271744645704855,0.28536534533359514,30
PLSR,target_only,50,007,Eastern Africa,0.42115513227682183,0.1735196228741985,30
PLSR,target_only,50,008,Southern Africa,0.179546106190817,0.22476021422656076,30
PLSR,target_only,50,009,OECD Europe,0.24068780139943746,0.5040696936325795,30
PLSR,target_only,50,010,Eastern Europe,0.7035742762265111,0.13907831258423276,30
PLSR,target_only,50,012,Middle East,0.8258370974217473,0.5418070324137518,30
PLSR,target_only,50,013,South Asia,0.5784162053275675,0.25136463234074835,30
PLSR,target_only,50,014,East Asia,0.4358424205387989,0.20745942515613322,30
PLSR,target_only,50,015,South East Asia,0.1768012642638378,0.17607259224526406,30
PLSR,target_only,50,016,Oceania,0.7813028660202355,0.0862045105213613,30
PLSR,target_only,100,002,USA,0.7384258987446397,0.026354147992024405,30
PLSR,target_only,100,003,Central America,0.7476376673061143,0.046298235332800655,30
PLSR,target_only,100,004,South America,0.5389705537132303,0.06516894489841661,30
PLSR,target_only,100,006,Western Africa,0.5366903301220752,0.05581109627258447,30
PLSR,target_only,100,007,Eastern Africa,0.6683841570296465,0.06546697137519647,30
PLSR,target_only,100,008,Southern Africa,0.563333242653091,0.06632523684965728,30
PLSR,target_only,100,009,OECD Europe,0.5125744197025868,0.06992064643364193,30
PLSR,target_only,100,010,Eastern Europe,0.8418820535952072,0.08374080310359444,30
PLSR,target_only,100,013,South Asia,0.7913730523672957,0.00688297458591767,30
PLSR,target_only,100,014,East Asia,0.7078948548879491,0.027744296914158143,30
PLSR,target_only,100,015,South East Asia,0.526500318530405,0.08016957154183271,30
PLSR,target_only,100,016,Oceania,0.9129722583194939,0.018851745039814478,30
Ridge,pooled,10,002,USA,0.5368848662214594,0.005038411872176337,10
Ridge,pooled,10,003,Central America,0.6250202332615501,0.0010787955028982278,10
Ridge,pooled,10,004,South America,0.5127185488135498,0.0026604094492978475,10
Ridge,pooled,10,006,Western Africa,0.3455057189643789,0.001778453322567465,10
Ridge,pooled,10,007,Eastern Africa,-0.12745874988693628,0.02354421554795507,10
Ridge,pooled,10,008,Southern Africa,0.5162851558039434,0.0012211320129139178,10
Ridge,pooled,10,009,OECD Europe,0.5459110884126115,0.002046536679391196,10
Ridge,pooled,10,010,Eastern Europe,0.7203807962334386,0.0003241842367577187,10
Ridge,pooled,10,012,Middle East,0.3235917314407014,0.04629159708939164,10
Ridge,pooled,10,013,South Asia,0.4301924249411997,0.0026880766121519985,10
Ridge,pooled,10,014,East Asia,0.5859994525810797,0.0007047486588431927,10
Ridge,pooled,10,015,South East Asia,0.5277606581354635,0.004375493528872486,10
Ridge,pooled,10,016,Oceania,0.539822314638234,0.0027267669464665347,10
Ridge,pooled,25,002,USA,0.5451743359717192,0.0035461115916799553,10
Ridge,pooled,25,003,Central America,0.6284886160811298,0.0029085701906647705,10
Ridge,pooled,25,004,South America,0.5230560427007183,0.004995821665111373,10
Ridge,pooled,25,006,Western Africa,0.35133966576213,0.0025765856371332907,10
Ridge,pooled,25,007,Eastern Africa,-0.06962188184938212,0.034582091226497524,10
Ridge,pooled,25,008,Southern Africa,0.5182912918431108,0.002027834841411527,10
Ridge,pooled,25,009,OECD Europe,0.5488385786369692,0.0038327399269759426,10
Ridge,pooled,25,010,Eastern Europe,0.7215476921741846,0.0011325362071095562,10
Ridge,pooled,25,012,Middle East,0.3888104516849122,0.041265386714715205,10
Ridge,pooled,25,013,South Asia,0.4369131923848089,0.002961746804963473,10
Ridge,pooled,25,014,East Asia,0.5877991770809552,0.0011263876563968906,10
Ridge,pooled,25,015,South East Asia,0.5292883472120833,0.004736293935616486,10
Ridge,pooled,25,016,Oceania,0.5472189379949448,0.0021653240466626136,10
Ridge,pooled,50,002,USA,0.5589618930875955,0.0045635800085658965,10
Ridge,pooled,50,003,Central America,0.6290451317684762,0.001684869720490851,10
Ridge,pooled,50,004,South America,0.5259052481811453,0.0058682837739456655,10
Ridge,pooled,50,006,Western Africa,0.360195447967516,0.004201173501017169,10
Ridge,pooled,50,007,Eastern Africa,0.006790020189473001,0.01769560566702588,10
Ridge,pooled,50,008,Southern Africa,0.5240093575730196,0.0022831067155946257,10
Ridge,pooled,50,009,OECD Europe,0.5504183066755854,0.003696010438407326,10
Ridge,pooled,50,010,Eastern Europe,0.7240807881369064,0.0013703240591344664,10
Ridge,pooled,50,012,Middle East,0.47712005640474076,0.04951435156275235,10
Ridge,pooled,50,013,South Asia,0.447583496361189,0.004541086800025821,10
Ridge,pooled,50,014,East Asia,0.5915099334131078,0.0023229715649458076,10
Ridge,pooled,50,015,South East Asia,0.5404420179773453,0.007814842737621824,10
Ridge,pooled,50,016,Oceania,0.5584460511675422,0.002718444883157592,10
Ridge,pooled,100,002,USA,0.581542802310282,0.0035389808276851406,10
Ridge,pooled,100,003,Central America,0.6399992303529881,0.003232978413196092,10
Ridge,pooled,100,004,South America,0.5424381551625908,0.005460455882402356,10
Ridge,pooled,100,006,Western Africa,0.3740063856152698,0.005373236483501534,10
Ridge,pooled,100,007,Eastern Africa,0.09703610488078224,0.025920153279615915,10
Ridge,pooled,100,008,Southern Africa,0.5289423452790512,0.0017126420285314445,10
Ridge,pooled,100,009,OECD Europe,0.5590080824388567,0.0040994213331101755,10
Ridge,pooled,100,010,Eastern Europe,0.7292158799497643,0.0020929642788945105,10
Ridge,pooled,100,013,South Asia,0.46781651955002934,0.002009239111285984,10
Ridge,pooled,100,014,East Asia,0.5978141154165775,0.004787280702848075,10
Ridge,pooled,100,015,South East Asia,0.5477523731402859,0.006531373639546847,10
Ridge,pooled,100,016,Oceania,0.5784288327156291,0.0018118373402810964,10
Ridge,target_only,10,002,USA,0.03583666165901733,0.8435737977597442,30
Ridge,target_only,10,003,Central America,0.0668839185219991,0.33837389653921635,30
Ridge,target_only,10,004,South America,-0.08894458393353,0.5713152244013012,30
Ridge,target_only,10,006,Western Africa,-0.4128453166716929,0.9394699990553349,30
Ridge,target_only,10,007,Eastern Africa,-0.2113685228711346,0.6365514355546195,30
Ridge,target_only,10,008,Southern Africa,-0.10390702382345574,1.396020140067694,30
Ridge,target_only,10,009,OECD Europe,-0.21943384832209145,0.5392757498850209,30
Ridge,target_only,10,010,Eastern Europe,0.3941036147002995,0.22214762157849793,30
Ridge,target_only,10,012,Middle East,0.16493531751230267,0.3562927451889119,30
Ridge,target_only,10,013,South Asia,-0.5822934597978419,1.6705542801702449,30
Ridge,target_only,10,014,East Asia,0.046920547738893814,0.3241293770503158,30
Ridge,target_only,10,015,South East Asia,-0.4902914662315746,0.48524489391268066,30
Ridge,target_only,10,016,Oceania,0.4793798296289821,0.2598567415499286,30
Ridge,target_only,25,002,USA,0.3323487932102751,0.27315349833200175,30
Ridge,target_only,25,003,Central America,0.3605554829444086,0.18918015053565052,30
Ridge,target_only,25,004,South America,0.18901962662015237,0.22957770106077877,30
Ridge,target_only,25,006,Western Africa,0.21518016396491202,0.1948344429457771,30
Ridge,target_only,25,007,Eastern Africa,0.36242173272737693,0.18795640008109527,30
Ridge,target_only,25,008,Southern Africa,0.1479654504790463,0.1978364006086278,30
Ridge,target_only,25,009,OECD Europe,0.23771218239190833,0.2514663558480336,30
Ridge,target_only,25,010,Eastern Europe,0.6264994966909946,0.1365888036744064,30
Ridge,target_only,25,012,Middle East,0.5886278798409554,0.16997123959039434,30
Ridge,target_only,25,013,South Asia,0.4252580091074013,0.3785868401422847,30
Ridge,target_only,25,014,East Asia,0.4341161549338313,0.1538406863656712,30
Ridge,target_only,25,015,South East Asia,0.15984664718408337,0.21269266039789553,30
Ridge,target_only,25,016,Oceania,0.6858758128485556,0.1547813760907047,30
Ridge,target_only,50,002,USA,0.6013263149353754,0.07625127823730167,30
Ridge,target_only,50,003,Central America,0.608360507364428,0.08378537344024348,30
Ridge,target_only,50,004,South America,0.4304802818008354,0.08622141505254195,30
Ridge,target_only,50,006,Western Africa,0.43532639033253234,0.07652088628194054,30
Ridge,target_only,50,007,Eastern Africa,0.578314338009055,0.06319324617649968,30
Ridge,target_only,50,008,Southern Africa,0.4781999737429969,0.05929333071231363,30
Ridge,target_only,50,009,OECD Europe,0.45914186679606483,0.14863749108885907,30
Ridge,target_only,50,010,Eastern Europe,0.7093775205984802,0.07170850784581483,30
Ridge,target_only,50,012,Middle East,0.7996850660784852,0.16869727171169208,30
Ridge,target_only,50,013,South Asia,0.6973997943008279,0.09487714972015034,30
Ridge,target_only,50,014,East Asia,0.5766149502639799,0.07511062589820235,30
Ridge,target_only,50,015,South East Asia,0.45355633255705036,0.09175338115593425,30
Ridge,target_only,50,016,Oceania,0.8084900891143125,0.04315162165598775,30
Ridge,target_only,100,002,USA,0.7146747383519728,0.014820577370675532,30
Ridge,target_only,100,003,Central America,0.7462465145813597,0.047556164074778466,30
Ridge,target_only,100,004,South America,0.5667786129345972,0.03573192498409182,30
Ridge,target_only,100,006,Western Africa,0.5695962009517742,0.03120610949708082,30
Ridge,target_only,100,007,Eastern Africa,0.6677157467432648,0.038215652684488115,30
Ridge,target_only,100,008,Southern Africa,0.6124681760925552,0.026163983567925125,30
Ridge,target_only,100,009,OECD Europe,0.5730974727961018,0.03350073224159644,30
Ridge,target_only,100,010,Eastern Europe,0.8154651350644986,0.05288008960639345,30
Ridge,target_only,100,013,South Asia,0.7694178558028413,0.002926181680045015,30
Ridge,target_only,100,014,East Asia,0.7018755900532,0.02118034554308438,30
Ridge,target_only,100,015,South East Asia,0.5678539072104076,0.041914532545775166,30
Ridge,target_only,100,016,Oceania,0.8765677356912553,0.018024197639420165,30
