model,design,k,median,ci_low,ci_high,mean,across_region_sd,mean_within_region_sd,n_regions,n_repeats
MLP,pooled,10,0.5516225416875867,0.4743950351322332,0.6235584856586656,0.5430629261730393,0.11412195439823422,0.03826175283771714,13,10
MLP,pooled,25,0.594819841882148,0.5734061514471812,0.676339596583429,0.6055528753215567,0.09075055843994558,0.03465394484200099,13,10
MLP,pooled,50,0.6354936032319904,0.5901994264894278,0.7313883782109778,0.651224723961911,0.09213656671283206,0.04143426767654473,13,10
MLP,pooled,100,0.7435551273344843,0.6312914236325367,0.7983461300090756,0.7260360129198378,0.10018191882645434,0.030285354447213895,12,10
MLP,target_only,10,-0.789252201147722,-1.4330216515960839,-0.42846294303810495,-0.9423307236999978,0.6395895905927862,1.226545720378199,13,30
MLP,target_only,25,0.01653152835504318,-0.15904558579246797,0.18521124061677158,0.027806789509754844,0.3047864126306467,0.3452241412944082,13,30
MLP,target_only,50,0.5084849707588865,0.27580966340676694,0.6115500411982608,0.430368646855835,0.2605627476646823,0.157563683680985,13,30
MLP,target_only,100,0.7002817829274723,0.5090891630054287,0.8625792665932683,0.6882580616681317,0.20614319611064663,0.05986295150035221,12,30
PLSR,pooled,10,0.4532132507274567,0.3615979185688594,0.5138867549850283,0.39584484924686103,0.24174188243935144,0.01660696844559069,13,10
PLSR,pooled,25,0.46282283735002316,0.36823373262266923,0.5150157296732394,0.419965724300823,0.21369676333293205,0.020736026061765715,13,10
PLSR,pooled,50,0.4731052378527969,0.454924821281382,0.5188020564058178,0.44566567602050217,0.1938831149865713,0.01841876914023088,13,10
PLSR,pooled,100,0.49801437931774645,0.4328499014468037,0.531857812470264,0.46287366709899475,0.1822063799456001,0.005468672878734905,12,10
PLSR,target_only,10,-0.639398208662886,-0.9457842209322544,-0.25681145589613563,-0.5671751847471953,0.47029225292303234,1.657262742491832,13,30
PLSR,target_only,25,-0.5860564741156181,-0.6326143486633566,-0.014600434541202967,-0.3184622968783558,0.4712692781918143,1.2806494759125082,13,30
PLSR,target_only,50,0.4358424205387989,0.179546106190817,0.5784162053275675,0.4348750074816519,0.24432853249773642,0.24477587016434235,13,30
PLSR,target_only,100,0.6881395059587978,0.5378304419176527,0.769505359836705,0.6738865672476445,0.13716957207494376,0.05106122252830327,12,30
Ridge,pooled,10,0.5277606581354635,0.4301924249411997,0.5459110884126115,0.46789340304312865,0.20776800443999974,0.007267601650744893,13,10
Ridge,pooled,25,0.5292883472120833,0.4369131923848089,0.5488385786369692,0.48131880366756036,0.1914976342464169,0.008296725418841432,13,10
Ridge,pooled,50,0.5404420179773453,0.47712005640474076,0.5589618930875955,0.49957751914643406,0.1716650107884407,0.00832881934097579,13,10
Ridge,pooled,100,0.5533802277895713,0.49837943241454025,0.5896784588634297,0.5203334022343422,0.1587557346407934,0.005547546943408264,12,10
Ridge,target_only,10,-0.08894458393353,-0.21943384832209145,0.0668839185219991,-0.07084802552998665,0.31838932823090593,0.66021583867027,13,30
Ridge,target_only,25,0.3605554829444086,0.21518016396491202,0.4341161549338313,0.3665713409956848,0.1801921045964414,0.21003588889794783,13,30
Ridge,target_only,50,0.578314338009055,0.45914186679606483,0.6973997943008279,0.5874056481457248,0.13410055332185125,0.08763089069057553,13,30
Ridge,target_only,100,0.6847956683982324,0.5713468368739381,0.7578321851921005,0.681813140522819,0.10648930302355265,0.030343374286279538,12,30
